familia,activo,sl,k,rr,escenario,origen,wr,p_t,p_sl,p_tp,ev_r,pf,ops_dia,ev_dia_r,dur_min,benef_18m_r,dd_18m_r,dd_18m_r_p95,racha_sl,racha_sl_p95,racha_perd,racha_perd_p95,racha_tp,racha_tp_p95,racha_gan,racha_gan_p95,racha_dias_perd,racha_dias_perd_p95,coste_tp_r,cuenta,riesgo_combine,p_aprueba,p_quema,dias_aprobar,p_aprueba_20d,coste_intento,riesgo_xfa,umbral_retiro,cobro_xfa,retiros_xfa,p_1_retiro,p_3_retiros,ev_intento,roi
ts24_xau,MGC,0.35,0.08,1:0.08,in-sample,,0.9206,0.0374,0.0428,0.9198,0.0091,1.1569,2.4531,0.0223,42.1826,8.9182,6.0384,11.6415,2.0,3.0,2.0,3.0,57.0,88.1,57.0,90.0,3.0,5.0,0.0071,50K,1500.0,0.3615,0.6385,23.0,0.149,117.13,600.0,1000.0,806.2758,1.685,0.7235,0.24,174.3387,1.4884
ts24_xau,MGC,0.35,0.08,1:0.08,in-sample,,0.9206,0.0374,0.0428,0.9198,0.0091,1.1569,2.4531,0.0223,42.1826,8.9182,6.0384,11.6415,2.0,3.0,2.0,3.0,57.0,88.1,57.0,90.0,3.0,5.0,0.0071,100K,2250.0,0.2755,0.7245,27.0,0.074,182.148,900.0,3000.0,1320.1421,0.9505,0.5025,0.126,181.5512,0.9967
ts24_xau,MGC,0.35,0.1,1:0.10,in-sample,,0.9018,0.0477,0.052,0.9003,0.0126,1.1771,2.3931,0.0301,52.4376,12.0428,6.0445,12.0057,2.0,3.0,3.0,4.0,47.0,71.0,48.0,71.0,3.0,5.0,0.0071,50K,1500.0,0.3705,0.6295,18.0,0.217,104.635,600.0,2000.0,1055.4753,1.1355,0.5605,0.16,286.4186,2.7373
ts24_xau,MGC,0.35,0.1,1:0.10,in-sample,,0.9018,0.0477,0.052,0.9003,0.0126,1.1771,2.3931,0.0301,52.4376,12.0428,6.0445,12.0057,2.0,3.0,3.0,4.0,47.0,71.0,48.0,71.0,3.0,5.0,0.0071,100K,2250.0,0.2985,0.7015,22.0,0.137,163.701,900.0,3000.0,1762.2775,1.2595,0.5865,0.189,362.3388,2.2134
ts24_xau,MGC,0.35,0.12,1:0.12,in-sample,,0.8832,0.0584,0.061,0.8806,0.0158,1.1892,2.3276,0.0368,62.4998,14.7367,6.3457,12.3138,2.0,3.0,3.0,4.0,39.0,58.2,40.0,62.05,4.0,6.0,0.0071,50K,1500.0,0.373,0.627,15.0,0.269,98.345,600.0,2000.0,1228.0206,1.3125,0.597,0.198,359.7067,3.6576
ts24_xau,MGC,0.35,0.12,1:0.12,in-sample,,0.8832,0.0584,0.061,0.8806,0.0158,1.1892,2.3276,0.0368,62.4998,14.7367,6.3457,12.3138,2.0,3.0,3.0,4.0,39.0,58.2,40.0,62.05,4.0,6.0,0.0071,100K,1500.0,0.3555,0.643,40.0,0.0235,244.7775,900.0,3000.0,1977.8707,1.4045,0.6085,0.219,458.3555,1.8725
ts24_xau,MGC,0.35,0.15,1:0.15,in-sample,,0.8554,0.0746,0.0744,0.8511,0.0197,1.1932,2.246,0.0443,77.31,17.7065,6.7259,13.8672,2.0,3.0,3.0,4.05,32.0,47.0,33.0,48.0,4.0,6.0,0.0071,50K,700.0,0.5045,0.476,49.0,0.019,231.455,600.0,2000.0,1447.8919,1.534,0.61,0.2535,499.0065,2.156
ts24_xau,MGC,0.35,0.15,1:0.15,in-sample,,0.8554,0.0746,0.0744,0.8511,0.0197,1.1932,2.246,0.0443,77.31,17.7065,6.7259,13.8672,2.0,3.0,3.0,4.05,32.0,47.0,33.0,48.0,4.0,6.0,0.0071,100K,1500.0,0.38,0.6185,32.0,0.0625,222.396,900.0,3000.0,2320.3933,1.635,0.62,0.2765,659.3534,2.9648
ts24_xau,MGC,0.35,0.2,1:0.20,in-sample,,0.8118,0.1015,0.0978,0.8007,0.0221,1.1661,2.1134,0.0467,101.9933,18.6758,8.1293,14.422,3.0,4.0,4.0,5.0,23.0,35.0,25.0,37.05,5.0,8.0,0.0071,50K,700.0,0.474,0.521,40.0,0.05,194.99,600.0,2000.0,1524.8804,1.5895,0.611,0.2605,527.8033,2.7068
ts24_xau,MGC,0.35,0.2,1:0.20,in-sample,,0.8118,0.1015,0.0978,0.8007,0.0221,1.1661,2.1134,0.0467,101.9933,18.6758,8.1293,14.422,3.0,4.0,4.0,5.0,23.0,35.0,25.0,37.05,5.0,8.0,0.0071,100K,1050.0,0.3995,0.5775,52.0,0.011,321.1455,900.0,4500.0,2196.7573,1.0415,0.482,0.1555,556.4591,1.7327
ts24_xau,MGC,0.35,0.25,1:0.25,in-sample,Z10,0.7748,0.1307,0.113,0.7564,0.0295,1.1893,2.0066,0.0592,124.4219,23.6759,7.5966,14.7301,3.0,4.0,4.0,6.0,19.0,30.0,21.0,31.0,5.0,8.0,0.0071,50K,700.0,0.511,0.487,34.0,0.086,176.4175,600.0,3000.0,1724.9229,1.2225,0.5295,0.203,705.0181,3.9963
ts24_xau,MGC,0.35,0.25,1:0.25,in-sample,Z10,0.7748,0.1307,0.113,0.7564,0.0295,1.1893,2.0066,0.0592,124.4219,23.6759,7.5966,14.7301,3.0,4.0,4.0,6.0,19.0,30.0,21.0,31.0,5.0,8.0,0.0071,100K,1050.0,0.4445,0.546,44.0,0.023,295.2165,900.0,4500.0,2891.9983,1.3625,0.533,0.2325,990.2767,3.3544
ts24_xau,MGC,0.35,0.35,1:0.35,in-sample,,0.7071,0.1919,0.1428,0.6653,0.035,1.1766,1.8184,0.0636,168.4995,25.4456,9.0195,16.9013,3.0,4.0,5.0,7.0,13.0,20.0,16.0,22.05,6.0,8.0,0.0071,50K,700.0,0.4725,0.5275,29.0,0.1195,151.045,600.0,3000.0,1761.5646,1.232,0.5,0.215,681.2943,4.5105
ts24_xau,MGC,0.35,0.35,1:0.35,in-sample,,0.7071,0.1919,0.1428,0.6653,0.035,1.1766,1.8184,0.0636,168.4995,25.4456,9.0195,16.9013,3.0,4.0,5.0,7.0,13.0,20.0,16.0,22.05,6.0,8.0,0.0071,100K,1050.0,0.4045,0.5935,35.0,0.046,245.6805,900.0,4500.0,2710.6238,1.26,0.485,0.214,850.7668,3.4629
ts24_xau,MGC,0.35,0.5,1:0.50,in-sample,Z07,0.634,0.2757,0.1782,0.546,0.0383,1.1555,1.6242,0.0622,226.5762,24.8881,9.9916,19.0162,3.0,5.0,6.0,9.0,9.0,13.05,12.0,17.05,7.0,10.0,0.0071,50K,700.0,0.439,0.561,24.0,0.1615,134.2575,600.0,3000.0,1684.919,1.1595,0.4535,0.187,605.4219,4.5094
ts24_xau,MGC,0.35,0.5,1:0.50,in-sample,Z07,0.634,0.2757,0.1782,0.546,0.0383,1.1555,1.6242,0.0622,226.5762,24.8881,9.9916,19.0162,3.0,5.0,6.0,9.0,9.0,13.05,12.0,17.05,7.0,10.0,0.0071,100K,1050.0,0.365,0.6345,31.0,0.076,220.1385,900.0,6000.0,2572.3329,0.9045,0.3875,0.15,718.763,3.265
ts24_xau,MGC,0.5,0.08,1:0.08,in-sample,,0.8963,0.078,0.0278,0.8942,0.0115,1.207,2.2925,0.0264,69.314,10.5546,4.9898,9.156,2.0,2.0,2.0,4.0,43.5,61.0,44.0,63.0,4.0,5.0,0.005,50K,1500.0,0.4135,0.5865,25.0,0.129,132.2175,600.0,1000.0,890.5195,1.862,0.7695,0.275,236.0123,1.785
ts24_xau,MGC,0.5,0.08,1:0.08,in-sample,,0.8963,0.078,0.0278,0.8942,0.0115,1.207,2.2925,0.0264,69.314,10.5546,4.9898,9.156,2.0,2.0,2.0,4.0,43.5,61.0,44.0,63.0,4.0,5.0,0.005,100K,2250.0,0.345,0.654,33.0,0.046,213.108,900.0,1500.0,1342.4632,1.8765,0.777,0.2775,250.0418,1.1733
ts24_xau,MGC,0.5,0.1,1:0.10,in-sample,,0.8686,0.0986,0.0368,0.8647,0.011,1.154,2.1975,0.0241,86.2287,9.6518,5.4172,11.0775,2.0,3.0,3.0,4.0,34.0,49.1,35.5,54.0,4.0,6.0,0.005,50K,1500.0,0.385,0.615,22.0,0.167,119.765,600.0,1000.0,894.5217,1.813,0.769,0.2545,224.6259,1.8756
ts24_xau,MGC,0.5,0.1,1:0.10,in-sample,,0.8686,0.0986,0.0368,0.8647,0.011,1.154,2.1975,0.0241,86.2287,9.6518,5.4172,11.0775,2.0,3.0,3.0,4.0,34.0,49.1,35.5,54.0,4.0,6.0,0.005,100K,2250.0,0.303,0.697,27.0,0.078,189.4365,900.0,3000.0,1343.3499,0.965,0.5255,0.1165,217.5985,1.1487
ts24_xau,MGC,0.5,0.12,1:0.12,in-sample,,0.8478,0.1173,0.0418,0.841,0.0153,1.1873,2.1234,0.0325,101.8829,12.9895,5.6016,10.7689,2.0,3.0,3.0,4.0,30.0,45.05,31.0,47.0,4.0,6.0,0.005,50K,1500.0,0.4025,0.5975,18.0,0.246,109.0975,600.0,2000.0,1075.493,1.1535,0.601,0.15,323.7884,2.9679
ts24_xau,MGC,0.5,0.12,1:0.12,in-sample,,0.8478,0.1173,0.0418,0.841,0.0153,1.1873,2.1234,0.0325,101.8829,12.9895,5.6016,10.7689,2.0,3.0,3.0,4.0,30.0,45.05,31.0,47.0,4.0,6.0,0.005,100K,2250.0,0.3415,0.6585,24.0,0.131,176.859,900.0,3000.0,1722.614,1.231,0.606,0.1705,411.4137,2.3262
ts24_xau,MGC,0.5,0.15,1:0.15,in-sample,Z13,0.8119,0.1493,0.0513,0.7994,0.0166,1.1664,2.0039,0.0333,125.6728,13.3372,6.5313,12.4321,2.0,3.0,3.0,5.0,23.0,35.05,25.0,37.0,5.0,7.0,0.005,50K,1500.0,0.389,0.611,16.0,0.2645,102.9775,600.0,2000.0,1179.3796,1.2555,0.604,0.179,355.8012,3.4551
ts24_xau,MGC,0.5,0.15,1:0.15,in-sample,Z13,0.8119,0.1493,0.0513,0.7994,0.0166,1.1664,2.0039,0.0333,125.6728,13.3372,6.5313,12.4321,2.0,3.0,3.0,5.0,23.0,35.05,25.0,37.0,5.0,7.0,0.005,100K,2250.0,0.32,0.68,21.0,0.1535,163.8945,900.0,3000.0,1845.5116,1.311,0.5915,0.204,426.6692,2.6033
ts24_xau,MGC,0.5,0.2,1:0.20,in-sample,,0.7654,0.1993,0.0626,0.7382,0.0237,1.1936,1.852,0.0438,161.3164,17.5265,6.5153,11.7786,2.0,3.0,4.0,6.0,17.0,25.05,20.0,28.0,5.0,7.0,0.005,50K,1000.0,0.448,0.5515,29.5,0.118,148.3675,600.0,2000.0,1456.9175,1.5335,0.648,0.2565,504.3315,3.3992
ts24_xau,MGC,0.5,0.2,1:0.20,in-sample,,0.7654,0.1993,0.0626,0.7382,0.0237,1.1936,1.852,0.0438,161.3164,17.5265,6.5153,11.7786,2.0,3.0,4.0,6.0,17.0,25.05,20.0,28.0,5.0,7.0,0.005,100K,1500.0,0.3875,0.6115,37.0,0.046,243.6165,900.0,3000.0,2264.4802,1.5895,0.6445,0.2705,633.8696,2.6019
ts24_xau,MGC,0.5,0.25,1:0.25,in-sample,Z12,0.7167,0.2526,0.0751,0.6723,0.0219,1.1494,1.7122,0.0375,199.0998,15.0125,7.5439,13.6713,2.0,3.0,5.0,6.0,13.0,20.05,16.0,24.05,6.0,9.0,0.005,50K,1500.0,0.3705,0.6295,12.0,0.3125,92.565,600.0,2000.0,1284.2476,1.339,0.58,0.214,383.2487,4.1403
ts24_xau,MGC,0.5,0.25,1:0.25,in-sample,Z12,0.7167,0.2526,0.0751,0.6723,0.0219,1.1494,1.7122,0.0375,199.0998,15.0125,7.5439,13.6713,2.0,3.0,5.0,6.0,13.0,20.05,16.0,24.05,6.0,9.0,0.005,100K,2250.0,0.301,0.699,15.0,0.2135,146.931,900.0,3000.0,1922.4214,1.337,0.574,0.204,431.7178,2.9382
ts24_xau,MGC,0.5,0.35,1:0.35,in-sample,,0.6505,0.3449,0.0934,0.5617,0.0248,1.1381,1.5192,0.0377,263.0368,15.0863,8.208,16.58,2.0,3.05,6.0,8.0,9.0,13.05,13.0,18.0,6.0,8.05,0.005,50K,1500.0,0.372,0.628,11.0,0.336,90.015,600.0,2000.0,1259.9296,1.29,0.556,0.194,378.6788,4.2068
ts24_xau,MGC,0.5,0.35,1:0.35,in-sample,,0.6505,0.3449,0.0934,0.5617,0.0248,1.1381,1.5192,0.0377,263.0368,15.0863,8.208,16.58,2.0,3.05,6.0,8.0,9.0,13.05,13.0,18.0,6.0,8.05,0.005,100K,1500.0,0.3355,0.6645,28.0,0.091,202.4655,900.0,3000.0,2011.4679,1.3775,0.562,0.2055,472.382,2.3331
ts24_xau,MGC,0.5,0.5,1:0.50,in-sample,,0.587,0.4623,0.1111,0.4266,0.0284,1.1347,1.3364,0.0379,338.3203,15.1799,9.2221,16.5392,2.0,3.0,6.0,9.05,6.0,9.0,10.0,16.0,7.0,10.0,0.005,50K,1500.0,0.336,0.664,10.0,0.299,89.42,600.0,2000.0,1266.2484,1.2775,0.56,0.1855,336.0395,3.758
ts24_xau,MGC,0.5,0.5,1:0.50,in-sample,,0.587,0.4623,0.1111,0.4266,0.0284,1.1347,1.3364,0.0379,338.3203,15.1799,9.2221,16.5392,2.0,3.0,6.0,9.05,6.0,9.0,10.0,16.0,7.0,10.0,0.005,100K,1500.0,0.2945,0.7055,25.0,0.103,186.9855,900.0,4500.0,1988.9265,0.928,0.452,0.138,398.7533,2.1325
ts24_xau,MGC,0.35,0.08,1:0.08,mitad,,0.9087,0.0421,0.05,0.9079,-0.0016,0.9764,2.4202,-0.0039,46.9661,-1.546,9.598,19.1236,2.0,3.0,3.0,4.0,49.0,72.05,50.0,73.0,4.0,5.0,0.0071,50K,1500.0,0.2385,0.7615,21.0,0.1125,114.4525,600.0,1000.0,460.9015,0.9655,0.519,0.1135,-4.5275,-0.0396
ts24_xau,MGC,0.35,0.08,1:0.08,mitad,,0.9087,0.0421,0.05,0.9079,-0.0016,0.9764,2.4202,-0.0039,46.9661,-1.546,9.598,19.1236,2.0,3.0,3.0,4.0,49.0,72.05,50.0,73.0,4.0,5.0,0.0071,100K,2250.0,0.1745,0.8255,27.0,0.0455,174.6015,900.0,1500.0,743.8909,1.0335,0.55,0.119,-44.7925,-0.2565
ts24_xau,MGC,0.35,0.1,1:0.10,mitad,,0.8885,0.0547,0.0584,0.8869,0.0017,1.0215,2.3563,0.0041,58.1166,1.639,8.7838,18.9092,2.0,3.0,3.0,4.0,41.0,62.1,41.5,64.0,4.0,6.0,0.0071,50K,1500.0,0.2725,0.7275,19.0,0.161,104.125,600.0,1000.0,575.5149,1.1645,0.6055,0.139,52.7028,0.5061
ts24_xau,MGC,0.35,0.1,1:0.10,mitad,,0.8885,0.0547,0.0584,0.8869,0.0017,1.0215,2.3563,0.0041,58.1166,1.639,8.7838,18.9092,2.0,3.0,3.0,4.0,41.0,62.1,41.5,64.0,4.0,6.0,0.0071,100K,2250.0,0.1985,0.8015,23.0,0.0835,160.0245,900.0,3000.0,910.1092,0.652,0.3805,0.0695,20.6322,0.1289
ts24_xau,MGC,0.35,0.12,1:0.12,mitad,,0.867,0.0661,0.0701,0.8639,0.0023,1.0246,2.2922,0.0054,68.4737,2.1495,9.5202,19.5651,2.0,3.05,3.0,4.0,35.0,56.0,36.0,56.0,4.0,6.0,0.0071,50K,1500.0,0.264,0.736,15.0,0.1885,97.665,600.0,2000.0,598.0214,0.64,0.3635,0.0695,60.2127,0.6165
ts24_xau,MGC,0.35,0.12,1:0.12,mitad,,0.867,0.0661,0.0701,0.8639,0.0023,1.0246,2.2922,0.0054,68.4737,2.1495,9.5202,19.5651,2.0,3.05,3.0,4.0,35.0,56.0,36.0,56.0,4.0,6.0,0.0071,100K,2250.0,0.1965,0.8035,19.0,0.1125,150.7365,900.0,3000.0,962.8248,0.6855,0.371,0.0845,38.4586,0.2551
ts24_xau,MGC,0.35,0.15,1:0.15,mitad,,0.8381,0.0818,0.0855,0.8327,0.0029,1.0246,2.204,0.0063,83.8914,2.5216,9.7786,21.116,2.0,3.0,3.0,5.0,28.0,42.05,29.0,44.0,5.0,6.0,0.0071,50K,1500.0,0.259,0.741,13.0,0.2145,92.14,600.0,2000.0,653.5985,0.694,0.3865,0.08,77.142,0.8372
ts24_xau,MGC,0.35,0.15,1:0.15,mitad,,0.8381,0.0818,0.0855,0.8327,0.0029,1.0246,2.204,0.0063,83.8914,2.5216,9.7786,21.116,2.0,3.0,3.0,5.0,28.0,42.05,29.0,44.0,5.0,6.0,0.0071,100K,2250.0,0.199,0.801,16.0,0.136,143.706,900.0,3000.0,1097.8483,0.774,0.399,0.101,74.7658,0.5203
ts24_xau,MGC,0.35,0.2,1:0.20,mitad,,0.7931,0.1103,0.1071,0.7827,0.0058,1.04,2.083,0.0122,108.2879,4.8646,11.4203,21.9985,3.0,4.0,4.0,5.05,21.0,32.0,22.0,34.05,5.0,8.0,0.0071,50K,1500.0,0.284,0.716,10.0,0.259,88.06,600.0,2000.0,798.6872,0.835,0.4195,0.109,138.7672,1.5758
ts24_xau,MGC,0.35,0.2,1:0.20,mitad,,0.7931,0.1103,0.1071,0.7827,0.0058,1.04,2.083,0.0122,108.2879,4.8646,11.4203,21.9985,3.0,4.0,4.0,5.05,21.0,32.0,22.0,34.05,5.0,8.0,0.0071,100K,2250.0,0.212,0.788,13.0,0.177,136.611,900.0,3000.0,1234.1305,0.855,0.403,0.1135,125.0247,0.9152
ts24_xau,MGC,0.35,0.25,1:0.25,mitad,Z10,0.7542,0.1394,0.1252,0.7354,0.0093,1.0544,1.9707,0.0183,131.8651,7.3249,11.2031,23.37,3.0,4.0,4.0,6.0,17.0,27.0,19.0,29.0,6.0,8.0,0.0071,50K,1500.0,0.286,0.714,9.0,0.2735,86.7425,600.0,2000.0,877.6409,0.904,0.4455,0.1175,164.2628,1.8937
ts24_xau,MGC,0.35,0.25,1:0.25,mitad,Z10,0.7542,0.1394,0.1252,0.7354,0.0093,1.0544,1.9707,0.0183,131.8651,7.3249,11.2031,23.37,3.0,4.0,4.0,6.0,17.0,27.0,19.0,29.0,6.0,8.0,0.0071,100K,2250.0,0.233,0.767,12.0,0.206,134.4825,900.0,3000.0,1405.5371,0.963,0.4475,0.129,193.0077,1.4352
ts24_xau,MGC,0.35,0.35,1:0.35,mitad,,0.6855,0.2009,0.1571,0.642,0.0093,1.0431,1.7922,0.0167,175.8003,6.6801,12.9905,25.6622,3.0,5.0,5.0,7.0,13.0,18.05,15.0,23.0,6.0,9.0,0.0071,50K,1500.0,0.2785,0.7215,8.0,0.271,86.275,600.0,2000.0,825.2341,0.8255,0.406,0.1075,143.5527,1.6639
ts24_xau,MGC,0.35,0.35,1:0.35,mitad,,0.6855,0.2009,0.1571,0.642,0.0093,1.0431,1.7922,0.0167,175.8003,6.6801,12.9905,25.6622,3.0,5.0,5.0,7.0,13.0,18.05,15.0,23.0,6.0,9.0,0.0071,100K,2250.0,0.223,0.777,10.0,0.208,132.225,900.0,3000.0,1309.6051,0.868,0.4125,0.112,159.8169,1.2087
ts24_xau,MGC,0.35,0.5,1:0.50,mitad,Z07,0.6129,0.2834,0.1916,0.525,0.0111,1.042,1.5966,0.0176,234.5824,7.0637,13.6839,27.7573,3.0,5.0,6.0,9.0,9.0,12.0,11.0,16.0,7.0,11.0,0.0071,50K,1000.0,0.278,0.722,13.0,0.2225,93.075,600.0,2000.0,922.3663,0.8955,0.4375,0.114,163.3428,1.755
ts24_xau,MGC,0.35,0.5,1:0.50,mitad,Z07,0.6129,0.2834,0.1916,0.525,0.0111,1.042,1.5966,0.0176,234.5824,7.0637,13.6839,27.7573,3.0,5.0,6.0,9.0,9.0,12.0,11.0,16.0,7.0,11.0,0.0071,100K,1500.0,0.2335,0.7665,16.0,0.1555,147.1245,900.0,4500.0,1413.7276,0.649,0.3045,0.0915,182.9809,1.2437
ts24_xau,MGC,0.5,0.08,1:0.08,mitad,,0.8815,0.0881,0.0327,0.8792,0.0012,1.0183,2.2542,0.0027,76.5518,1.0689,7.251,14.8365,2.0,2.05,3.0,4.0,38.0,58.0,39.0,58.05,4.0,5.05,0.005,50K,1500.0,0.255,0.745,26.0,0.0785,125.46,600.0,1000.0,494.019,1.0365,0.5325,0.131,0.5148,0.0041
ts24_xau,MGC,0.5,0.08,1:0.08,mitad,,0.8815,0.0881,0.0327,0.8792,0.0012,1.0183,2.2542,0.0027,76.5518,1.0689,7.251,14.8365,2.0,2.05,3.0,4.0,38.0,58.0,39.0,58.05,4.0,5.05,0.005,100K,2250.0,0.209,0.791,35.0,0.025,196.854,900.0,1500.0,793.4518,1.113,0.565,0.1375,-31.0226,-0.1576
ts24_xau,MGC,0.5,0.1,1:0.10,mitad,,0.8543,0.11,0.0405,0.8495,0.0012,1.0154,2.1523,0.0026,94.7277,1.0582,8.181,16.7322,2.0,3.0,3.0,4.0,31.0,47.0,32.0,48.05,4.0,6.0,0.005,50K,1500.0,0.264,0.736,22.0,0.1155,113.5175,600.0,1000.0,548.6483,1.125,0.5785,0.1375,31.3256,0.276
ts24_xau,MGC,0.5,0.1,1:0.10,mitad,,0.8543,0.11,0.0405,0.8495,0.0012,1.0154,2.1523,0.0026,94.7277,1.0582,8.181,16.7322,2.0,3.0,3.0,4.0,31.0,47.0,32.0,48.05,4.0,6.0,0.005,100K,2250.0,0.2015,0.798,28.0,0.0465,179.2455,900.0,1500.0,811.0695,1.1125,0.576,0.1395,-15.815,-0.0882
ts24_xau,MGC,0.5,0.12,1:0.12,mitad,,0.8292,0.1326,0.0463,0.8212,0.0032,1.0352,2.0734,0.0067,110.8218,2.6689,8.2633,16.1465,2.0,3.0,3.0,5.0,26.0,41.0,27.0,43.0,5.0,7.0,0.005,50K,1500.0,0.2845,0.7155,20.0,0.147,107.3975,600.0,1000.0,601.4399,1.2005,0.6205,0.1505,63.7122,0.5932
ts24_xau,MGC,0.5,0.12,1:0.12,mitad,,0.8292,0.1326,0.0463,0.8212,0.0032,1.0352,2.0734,0.0067,110.8218,2.6689,8.2633,16.1465,2.0,3.0,3.0,5.0,26.0,41.0,27.0,43.0,5.0,7.0,0.005,100K,2250.0,0.2065,0.7935,25.0,0.0695,170.0865,900.0,1500.0,910.8332,1.23,0.615,0.154,18.0006,0.1058
ts24_xau,MGC,0.5,0.15,1:0.15,mitad,Z13,0.7954,0.1614,0.0564,0.7822,0.0048,1.0441,1.9665,0.0095,134.6526,3.797,8.2367,16.6013,2.0,3.0,4.0,5.0,21.0,31.0,22.0,32.0,5.0,7.0,0.005,50K,1500.0,0.282,0.718,17.0,0.187,100.385,600.0,2000.0,652.6527,0.696,0.4015,0.0735,83.6631,0.8334
ts24_xau,MGC,0.5,0.15,1:0.15,mitad,Z13,0.7954,0.1614,0.0564,0.7822,0.0048,1.0441,1.9665,0.0095,134.6526,3.797,8.2367,16.6013,2.0,3.0,4.0,5.0,21.0,31.0,22.0,32.0,5.0,7.0,0.005,100K,2250.0,0.221,0.779,21.0,0.109,158.2185,900.0,3000.0,1024.2444,0.7275,0.415,0.082,68.1395,0.4307
ts24_xau,MGC,0.5,0.2,1:0.20,mitad,,0.7436,0.213,0.0704,0.7166,0.0053,1.0393,1.8072,0.0097,172.1323,3.8671,9.2488,18.7401,2.0,3.0,4.0,6.0,16.0,23.0,18.0,26.0,5.5,8.0,0.005,50K,1500.0,0.2835,0.7165,15.0,0.211,95.88,600.0,2000.0,699.0299,0.7385,0.421,0.0815,102.295,1.0669
ts24_xau,MGC,0.5,0.2,1:0.20,mitad,,0.7436,0.213,0.0704,0.7166,0.0053,1.0393,1.8072,0.0097,172.1323,3.8671,9.2488,18.7401,2.0,3.0,4.0,6.0,16.0,23.0,18.0,26.0,5.5,8.0,0.005,100K,2250.0,0.211,0.789,18.0,0.1225,150.2205,900.0,3000.0,1199.0743,0.845,0.435,0.1075,102.7842,0.6842
ts24_xau,MGC,0.5,0.25,1:0.25,mitad,Z12,0.702,0.2643,0.0817,0.654,0.0079,1.0508,1.6872,0.0134,207.4383,5.3591,9.2159,17.8493,2.0,3.0,5.0,7.0,13.0,19.0,15.0,23.0,6.0,9.0,0.005,50K,1500.0,0.3045,0.6955,12.0,0.2505,93.5425,600.0,2000.0,765.3799,0.7995,0.4215,0.103,139.5157,1.4915
ts24_xau,MGC,0.5,0.25,1:0.25,mitad,Z12,0.702,0.2643,0.0817,0.654,0.0079,1.0508,1.6872,0.0134,207.4383,5.3591,9.2159,17.8493,2.0,3.0,5.0,7.0,13.0,19.0,15.0,23.0,6.0,9.0,0.005,100K,2250.0,0.2505,0.7495,16.0,0.1715,145.9635,900.0,3000.0,1261.92,0.881,0.453,0.112,170.1475,1.1657
ts24_xau,MGC,0.5,0.35,1:0.35,mitad,,0.6321,0.3568,0.0994,0.5438,0.0076,1.0396,1.4944,0.0113,270.7842,4.5194,10.3889,20.4534,2.0,3.0,6.0,9.0,9.0,12.0,12.0,17.0,7.0,10.0,0.005,50K,1500.0,0.2595,0.7405,11.0,0.2305,89.93,600.0,2000.0,792.3439,0.8185,0.4155,0.105,115.6833,1.2864
ts24_xau,MGC,0.5,0.35,1:0.35,mitad,,0.6321,0.3568,0.0994,0.5438,0.0076,1.0396,1.4944,0.0113,270.7842,4.5194,10.3889,20.4534,2.0,3.0,6.0,9.0,9.0,12.0,12.0,17.0,7.0,10.0,0.005,100K,2250.0,0.205,0.795,14.0,0.1525,140.1585,900.0,3000.0,1164.1883,0.804,0.4215,0.0955,98.5001,0.7028
ts24_xau,MGC,0.5,0.5,1:0.50,mitad,,0.5729,0.4717,0.115,0.4132,0.0117,1.0529,1.3259,0.0155,344.539,6.1916,10.9641,20.4149,2.0,3.05,7.0,10.0,6.0,9.0,10.0,14.05,7.0,10.0,0.005,50K,1500.0,0.277,0.723,10.0,0.254,88.57,600.0,2000.0,872.7095,0.8885,0.433,0.1215,153.1705,1.7294
ts24_xau,MGC,0.5,0.5,1:0.50,mitad,,0.5729,0.4717,0.115,0.4132,0.0117,1.0529,1.3259,0.0155,344.539,6.1916,10.9641,20.4149,2.0,3.05,7.0,10.0,6.0,9.0,10.0,14.05,7.0,10.0,0.005,100K,2250.0,0.2245,0.7755,12.0,0.1885,136.2885,900.0,3000.0,1357.9549,0.9155,0.438,0.1235,168.5724,1.2369
ts24_xau,MGC,0.35,0.08,1:0.08,sin ventaja,,0.8952,0.0484,0.0573,0.8943,-0.0123,0.8409,2.3894,-0.0295,52.1849,-11.7864,16.2014,28.2101,2.0,3.0,3.0,4.0,44.0,65.0,44.0,65.0,4.0,6.0,0.0071,50K,1500.0,0.144,0.856,23.0,0.059,104.975,600.0,1000.0,253.2226,0.5315,0.329,0.047,-68.511,-0.6526
ts24_xau,MGC,0.35,0.08,1:0.08,sin ventaja,,0.8952,0.0484,0.0573,0.8943,-0.0123,0.8409,2.3894,-0.0295,52.1849,-11.7864,16.2014,28.2101,2.0,3.0,3.0,4.0,44.0,65.0,44.0,65.0,4.0,6.0,0.0071,100K,2250.0,0.1,0.8995,28.0,0.0225,161.0565,900.0,1500.0,402.3185,0.5615,0.3565,0.0465,-120.8246,-0.7502
ts24_xau,MGC,0.35,0.1,1:0.10,sin ventaja,,0.874,0.0607,0.0671,0.8722,-0.0106,0.8845,2.3279,-0.0246,63.4699,-9.8558,14.6417,28.8782,2.0,3.0,3.0,4.0,36.0,57.0,36.5,57.0,4.0,6.0,0.0071,50K,1500.0,0.186,0.814,19.0,0.107,100.7675,600.0,1000.0,322.6852,0.6595,0.4005,0.0625,-40.7481,-0.4044
ts24_xau,MGC,0.35,0.1,1:0.10,sin ventaja,,0.874,0.0607,0.0671,0.8722,-0.0106,0.8845,2.3279,-0.0246,63.4699,-9.8558,14.6417,28.8782,2.0,3.0,3.0,4.0,36.0,57.0,36.5,57.0,4.0,6.0,0.0071,100K,2250.0,0.136,0.864,22.0,0.06,154.413,900.0,1500.0,509.7038,0.694,0.4175,0.0675,-85.0933,-0.5511
ts24_xau,MGC,0.35,0.12,1:0.12,sin ventaja,,0.8512,0.0726,0.0795,0.848,-0.0121,0.8879,2.2607,-0.0274,74.6612,-10.9409,15.2625,31.4265,2.0,3.0,3.0,4.05,32.0,47.05,33.0,49.0,4.5,6.05,0.0071,50K,1500.0,0.167,0.833,16.0,0.1185,94.3925,600.0,1000.0,321.5175,0.6455,0.415,0.049,-40.6991,-0.4312
ts24_xau,MGC,0.35,0.12,1:0.12,sin ventaja,,0.8512,0.0726,0.0795,0.848,-0.0121,0.8879,2.2607,-0.0274,74.6612,-10.9409,15.2625,31.4265,2.0,3.0,3.0,4.05,32.0,47.05,33.0,49.0,4.5,6.05,0.0071,100K,2250.0,0.121,0.879,19.0,0.0665,144.4155,900.0,1500.0,542.6622,0.7225,0.432,0.0725,-78.7534,-0.5453
ts24_xau,MGC,0.35,0.15,1:0.15,sin ventaja,,0.818,0.0913,0.096,0.8127,-0.015,0.8858,2.1724,-0.0326,90.604,-13.0367,19.6861,34.4962,3.0,4.0,4.0,5.0,25.0,38.0,26.0,38.0,5.0,7.0,0.0071,50K,1500.0,0.194,0.806,13.0,0.1625,91.12,600.0,1000.0,347.615,0.6705,0.446,0.0495,-23.6827,-0.2599
ts24_xau,MGC,0.35,0.15,1:0.15,sin ventaja,,0.818,0.0913,0.096,0.8127,-0.015,0.8858,2.1724,-0.0326,90.604,-13.0367,19.6861,34.4962,3.0,4.0,4.0,5.0,25.0,38.0,26.0,38.0,5.0,7.0,0.0071,100K,2250.0,0.138,0.862,15.0,0.1005,139.3845,900.0,1500.0,562.9773,0.7225,0.4435,0.0675,-61.6936,-0.4426
ts24_xau,MGC,0.35,0.2,1:0.20,sin ventaja,,0.7731,0.1216,0.117,0.7613,-0.0119,0.9252,2.0397,-0.0244,115.8739,-9.7418,17.5215,36.1158,3.0,4.0,4.0,6.0,20.0,29.05,21.0,31.0,6.0,8.0,0.0071,50K,1500.0,0.2145,0.7855,11.0,0.1925,88.315,600.0,1000.0,417.2336,0.755,0.471,0.064,1.1816,0.0134
ts24_xau,MGC,0.35,0.2,1:0.20,sin ventaja,,0.7731,0.1216,0.117,0.7613,-0.0119,0.9252,2.0397,-0.0244,115.8739,-9.7418,17.5215,36.1158,3.0,4.0,4.0,6.0,20.0,29.05,21.0,31.0,6.0,8.0,0.0071,100K,2250.0,0.1515,0.8485,14.0,0.126,136.482,900.0,1500.0,649.3941,0.785,0.4685,0.071,-38.0988,-0.2791
ts24_xau,MGC,0.35,0.25,1:0.25,sin ventaja,Z10,0.7324,0.1496,0.138,0.7124,-0.0137,0.9274,1.9409,-0.0265,139.2006,-10.6116,18.7571,34.2632,3.0,4.0,5.0,6.05,16.0,23.0,17.0,24.0,6.0,10.0,0.0071,50K,1500.0,0.2055,0.7945,10.0,0.196,87.04,600.0,1000.0,415.6003,0.718,0.4595,0.0695,-1.6341,-0.0188
ts24_xau,MGC,0.35,0.25,1:0.25,sin ventaja,Z10,0.7324,0.1496,0.138,0.7124,-0.0137,0.9274,1.9409,-0.0265,139.2006,-10.6116,18.7571,34.2632,3.0,4.0,5.0,6.05,16.0,23.0,17.0,24.0,6.0,10.0,0.0071,100K,2250.0,0.1645,0.8355,12.0,0.143,133.4505,900.0,1500.0,689.0288,0.8,0.4835,0.0835,-20.1053,-0.1507
ts24_xau,MGC,0.35,0.35,1:0.35,sin ventaja,,0.6625,0.2074,0.1722,0.6204,-0.0175,0.9255,1.7696,-0.031,182.1507,-12.4072,22.4275,39.7367,3.0,5.0,5.0,7.0,12.0,17.0,13.5,20.0,7.0,10.0,0.0071,50K,1500.0,0.215,0.785,8.0,0.2125,85.6375,600.0,1000.0,454.3908,0.748,0.471,0.067,12.0565,0.1408
ts24_xau,MGC,0.35,0.35,1:0.35,sin ventaja,,0.6625,0.2074,0.1722,0.6204,-0.0175,0.9255,1.7696,-0.031,182.1507,-12.4072,22.4275,39.7367,3.0,5.0,5.0,7.0,12.0,17.0,13.5,20.0,7.0,10.0,0.0071,100K,2250.0,0.167,0.833,9.0,0.159,131.709,900.0,3000.0,713.4623,0.477,0.272,0.0555,-12.5608,-0.0954
ts24_xau,MGC,0.35,0.5,1:0.50,sin ventaja,Z07,0.5933,0.2908,0.2027,0.5066,-0.0139,0.9502,1.5805,-0.0219,239.2507,-8.7723,20.3681,38.9339,4.0,5.0,7.0,9.0,8.0,12.0,11.0,16.0,8.0,11.0,0.0071,50K,1500.0,0.2165,0.7835,7.0,0.213,85.7225,600.0,2000.0,515.8175,0.51,0.306,0.0505,25.952,0.3027
ts24_xau,MGC,0.35,0.5,1:0.50,sin ventaja,Z07,0.5933,0.2908,0.2027,0.5066,-0.0139,0.9502,1.5805,-0.0219,239.2507,-8.7723,20.3681,38.9339,4.0,5.0,7.0,9.0,8.0,12.0,11.0,16.0,8.0,11.0,0.0071,100K,2250.0,0.177,0.823,9.0,0.171,130.161,900.0,3000.0,823.4322,0.5375,0.3085,0.058,15.5865,0.1197
ts24_xau,MGC,0.5,0.08,1:0.08,sin ventaja,,0.8677,0.0975,0.0374,0.865,-0.0081,0.889,2.2075,-0.0179,83.886,-7.1578,11.7277,20.9615,2.0,2.0,3.0,4.0,35.0,54.05,36.0,54.05,4.0,6.0,0.005,50K,1500.0,0.182,0.818,26.0,0.0535,121.89,600.0,1000.0,290.6828,0.613,0.362,0.0625,-68.9857,-0.566
ts24_xau,MGC,0.5,0.08,1:0.08,sin ventaja,,0.8677,0.0975,0.0374,0.865,-0.0081,0.889,2.2075,-0.0179,83.886,-7.1578,11.7277,20.9615,2.0,2.0,3.0,4.0,35.0,54.05,36.0,54.05,4.0,6.0,0.005,100K,2250.0,0.122,0.8775,32.0,0.014,184.5345,900.0,1500.0,462.692,0.65,0.3835,0.067,-128.0861,-0.6941
ts24_xau,MGC,0.5,0.1,1:0.10,sin ventaja,,0.841,0.118,0.0456,0.8364,-0.0079,0.9097,2.1084,-0.0167,101.4941,-6.6608,11.8691,24.1592,2.0,3.0,3.0,4.05,28.0,42.0,29.0,42.0,5.0,7.0,0.005,50K,1500.0,0.1915,0.8085,24.0,0.078,112.2425,600.0,1000.0,329.5192,0.678,0.3995,0.0685,-49.1396,-0.4378
ts24_xau,MGC,0.5,0.1,1:0.10,sin ventaja,,0.841,0.118,0.0456,0.8364,-0.0079,0.9097,2.1084,-0.0167,101.4941,-6.6608,11.8691,24.1592,2.0,3.0,3.0,4.05,28.0,42.0,29.0,42.0,5.0,7.0,0.005,100K,2250.0,0.134,0.866,29.0,0.0255,171.7635,900.0,1500.0,509.9193,0.703,0.4165,0.07,-103.4343,-0.6022
ts24_xau,MGC,0.5,0.12,1:0.12,sin ventaja,,0.8144,0.142,0.0518,0.8061,-0.0077,0.9238,2.0358,-0.0156,119.1446,-6.2484,11.9974,23.5596,2.0,3.0,3.0,5.0,24.0,34.0,25.0,38.0,5.0,7.0,0.005,50K,1500.0,0.1885,0.8115,20.0,0.102,104.9325,600.0,1000.0,376.3416,0.759,0.4555,0.0775,-33.9921,-0.3239
ts24_xau,MGC,0.5,0.12,1:0.12,sin ventaja,,0.8144,0.142,0.0518,0.8061,-0.0077,0.9238,2.0358,-0.0156,119.1446,-6.2484,11.9974,23.5596,2.0,3.0,3.0,5.0,24.0,34.0,25.0,38.0,5.0,7.0,0.005,100K,2250.0,0.137,0.863,25.0,0.0455,162.2175,900.0,1500.0,580.7821,0.79,0.461,0.0785,-82.6504,-0.5095
ts24_xau,MGC,0.5,0.15,1:0.15,sin ventaja,Z13,0.7738,0.1783,0.0625,0.7592,-0.0111,0.9086,1.9106,-0.0213,145.2535,-8.5104,14.4773,27.9701,2.0,3.0,4.0,6.0,20.0,28.05,21.0,32.0,5.0,8.0,0.005,50K,1500.0,0.1765,0.8235,17.0,0.1105,100.3425,600.0,1000.0,342.9892,0.6765,0.4225,0.066,-39.8049,-0.3967
ts24_xau,MGC,0.5,0.15,1:0.15,sin ventaja,Z13,0.7738,0.1783,0.0625,0.7592,-0.0111,0.9086,1.9106,-0.0213,145.2535,-8.5104,14.4773,27.9701,2.0,3.0,4.0,6.0,20.0,28.05,21.0,32.0,5.0,8.0,0.005,100K,2250.0,0.135,0.865,23.0,0.0535,157.0575,900.0,1500.0,550.7506,0.729,0.433,0.0685,-82.7062,-0.5266
ts24_xau,MGC,0.5,0.2,1:0.20,sin ventaja,,0.7227,0.2275,0.0773,0.6952,-0.0108,0.9271,1.77,-0.0191,181.811,-7.6457,14.786,26.8268,2.0,3.0,4.0,6.0,15.0,22.0,17.0,25.0,6.0,8.0,0.005,50K,1500.0,0.1985,0.8015,14.0,0.158,93.84,600.0,1000.0,426.2441,0.799,0.477,0.0785,-9.2306,-0.0984
ts24_xau,MGC,0.5,0.2,1:0.20,sin ventaja,,0.7227,0.2275,0.0773,0.6952,-0.0108,0.9271,1.77,-0.0191,181.811,-7.6457,14.786,26.8268,2.0,3.0,4.0,6.0,15.0,22.0,17.0,25.0,6.0,8.0,0.005,100K,2250.0,0.1475,0.8525,18.0,0.09,146.286,900.0,1500.0,652.4076,0.825,0.4805,0.0845,-50.0559,-0.3422
ts24_xau,MGC,0.5,0.25,1:0.25,sin ventaja,Z12,0.68,0.2769,0.0889,0.6343,-0.0095,0.9438,1.653,-0.0157,216.5454,-6.2731,14.1957,27.1057,2.0,3.0,5.0,7.0,12.0,17.0,14.0,20.0,6.0,9.05,0.005,50K,1500.0,0.2275,0.7725,13.0,0.1915,92.3525,600.0,1000.0,472.8632,0.851,0.5055,0.078,15.2239,0.1648
ts24_xau,MGC,0.5,0.25,1:0.25,sin ventaja,Z12,0.68,0.2769,0.0889,0.6343,-0.0095,0.9438,1.653,-0.0157,216.5454,-6.2731,14.1957,27.1057,2.0,3.0,5.0,7.0,12.0,17.0,14.0,20.0,6.0,9.05,0.005,100K,2250.0,0.1715,0.8285,16.0,0.1215,142.6095,900.0,1500.0,711.0986,0.8785,0.514,0.082,-20.6561,-0.1448
ts24_xau,MGC,0.5,0.35,1:0.35,sin ventaja,,0.6201,0.3671,0.1046,0.5283,-0.0051,0.9743,1.4797,-0.0076,277.0672,-3.0244,13.9963,27.8968,2.0,4.0,6.0,8.0,8.0,11.0,11.0,17.0,7.0,10.0,0.005,50K,1500.0,0.2445,0.7555,10.0,0.2175,89.845,600.0,2000.0,573.0359,0.593,0.335,0.069,50.2623,0.5594
ts24_xau,MGC,0.5,0.35,1:0.35,sin ventaja,,0.6201,0.3671,0.1046,0.5283,-0.0051,0.9743,1.4797,-0.0076,277.0672,-3.0244,13.9963,27.8968,2.0,4.0,6.0,8.0,8.0,11.0,11.0,17.0,7.0,10.0,0.005,100K,2250.0,0.1815,0.8185,13.0,0.146,138.7395,900.0,3000.0,823.8463,0.5695,0.3155,0.066,10.7886,0.0778
ts24_xau,MGC,0.5,0.5,1:0.50,sin ventaja,,0.5584,0.4795,0.1251,0.3954,-0.0078,0.9663,1.3135,-0.0103,350.4337,-4.1032,15.1086,30.0627,3.0,4.0,7.0,10.0,6.0,8.0,9.0,14.0,7.0,11.0,0.005,50K,1500.0,0.23,0.77,10.0,0.2085,88.5275,600.0,2000.0,542.8022,0.557,0.3175,0.0595,36.317,0.4102
ts24_xau,MGC,0.5,0.5,1:0.50,sin ventaja,,0.5584,0.4795,0.1251,0.3954,-0.0078,0.9663,1.3135,-0.0103,350.4337,-4.1032,15.1086,30.0627,3.0,4.0,7.0,10.0,6.0,8.0,9.0,14.0,7.0,11.0,0.005,100K,2250.0,0.1705,0.8295,12.0,0.146,136.0305,900.0,3000.0,840.6242,0.569,0.315,0.065,7.2959,0.0536
ts12_nq,MNQ,0.35,0.08,1:0.08,in-sample,,0.9167,0.0476,0.0365,0.9159,0.0115,1.2037,2.136,0.0245,28.1501,9.7824,4.9936,9.0494,2.0,2.0,2.0,3.0,50.0,78.0,51.0,78.1,3.0,5.0,0.0061,50K,1500.0,0.39,0.61,24.0,0.1355,125.5875,600.0,1000.0,886.2081,1.865,0.781,0.2665,220.0337,1.752
ts12_nq,MNQ,0.35,0.08,1:0.08,in-sample,,0.9167,0.0476,0.0365,0.9159,0.0115,1.2037,2.136,0.0245,28.1501,9.7824,4.9936,9.0494,2.0,2.0,2.0,3.0,50.0,78.0,51.0,78.1,3.0,5.0,0.0061,100K,2250.0,0.32,0.68,30.5,0.053,200.595,900.0,3000.0,1423.0603,1.0265,0.5505,0.1215,254.7843,1.2701
ts12_nq,MNQ,0.35,0.1,1:0.10,in-sample,,0.8954,0.0612,0.0447,0.8941,0.0145,1.2095,2.0783,0.0302,34.7561,12.0876,5.4142,11.1419,2.0,3.0,2.0,3.05,43.0,66.0,43.0,67.0,3.0,5.0,0.0061,50K,1500.0,0.3965,0.6035,20.0,0.206,112.71,600.0,2000.0,1043.1533,1.1255,0.5795,0.1535,300.9003,2.6697
ts12_nq,MNQ,0.35,0.1,1:0.10,in-sample,,0.8954,0.0612,0.0447,0.8941,0.0145,1.2095,2.0783,0.0302,34.7561,12.0876,5.4142,11.1419,2.0,3.0,2.0,3.05,43.0,66.0,43.0,67.0,3.0,5.0,0.0061,100K,2250.0,0.322,0.678,25.0,0.0975,181.5675,900.0,3000.0,1753.1191,1.258,0.6,0.1825,382.9368,2.1091
ts12_nq,MNQ,0.35,0.12,1:0.12,in-sample,,0.8749,0.0755,0.0526,0.8719,0.0176,1.2156,2.0185,0.0356,41.2033,14.2274,5.6062,9.7643,2.0,3.0,3.0,4.0,36.0,55.0,36.5,56.0,4.0,6.0,0.0061,50K,1000.0,0.4515,0.5485,34.0,0.083,157.3775,600.0,2000.0,1240.3571,1.331,0.6175,0.1995,402.6437,2.5585
ts12_nq,MNQ,0.35,0.12,1:0.12,in-sample,,0.8749,0.0755,0.0526,0.8719,0.0176,1.2156,2.0185,0.0356,41.2033,14.2274,5.6062,9.7643,2.0,3.0,3.0,4.0,36.0,55.0,36.5,56.0,4.0,6.0,0.0061,100K,2250.0,0.331,0.669,22.0,0.1515,167.1195,900.0,3000.0,1964.097,1.4005,0.624,0.2175,482.9966,2.8901
ts12_nq,MNQ,0.35,0.15,1:0.15,in-sample,,0.8462,0.0959,0.064,0.8401,0.0211,1.2108,1.9379,0.0409,50.5607,16.3463,6.1982,11.5603,2.0,3.0,3.0,4.0,28.0,43.05,29.0,46.0,4.0,6.0,0.0061,50K,1000.0,0.445,0.5545,29.0,0.1125,142.5875,600.0,2000.0,1454.4108,1.5475,0.655,0.243,504.6253,3.5391
ts12_nq,MNQ,0.35,0.15,1:0.15,in-sample,,0.8462,0.0959,0.064,0.8401,0.0211,1.2108,1.9379,0.0409,50.5607,16.3463,6.1982,11.5603,2.0,3.0,3.0,4.0,28.0,43.05,29.0,46.0,4.0,6.0,0.0061,100K,1500.0,0.393,0.604,38.0,0.035,245.745,900.0,3000.0,2186.4814,1.5475,0.632,0.2505,613.5422,2.4967
ts12_nq,MNQ,0.35,0.2,1:0.20,in-sample,,0.8005,0.132,0.0804,0.7876,0.0266,1.2097,1.8185,0.0484,65.4788,19.3484,6.6573,12.8069,2.0,3.0,4.0,5.0,22.0,33.05,23.0,35.0,5.0,7.0,0.0061,50K,700.0,0.533,0.4565,46.0,0.0225,220.405,600.0,2000.0,1620.8199,1.7025,0.647,0.2825,643.492,2.9196
ts12_nq,MNQ,0.35,0.2,1:0.20,in-sample,,0.8005,0.132,0.0804,0.7876,0.0266,1.2097,1.8185,0.0484,65.4788,19.3484,6.6573,12.8069,2.0,3.0,4.0,5.0,22.0,33.05,23.0,35.0,5.0,7.0,0.0061,100K,1500.0,0.384,0.6155,32.0,0.0705,214.527,900.0,3000.0,2539.4488,1.774,0.6385,0.2895,760.6213,3.5456
ts12_nq,MNQ,0.35,0.25,1:0.25,in-sample,N02,0.7603,0.1664,0.0957,0.7378,0.0313,1.2082,1.7179,0.0538,79.6195,21.5258,7.3751,12.7425,2.0,3.0,4.0,6.0,18.0,26.0,19.0,30.05,5.0,8.0,0.0061,50K,700.0,0.517,0.478,41.0,0.0495,195.5,600.0,2000.0,1701.0475,1.7575,0.6475,0.2815,683.9415,3.4984
ts12_nq,MNQ,0.35,0.25,1:0.25,in-sample,N02,0.7603,0.1664,0.0957,0.7378,0.0313,1.2082,1.7179,0.0538,79.6195,21.5258,7.3751,12.7425,2.0,3.0,4.0,6.0,18.0,26.0,19.0,30.05,5.0,8.0,0.0061,100K,1050.0,0.448,0.536,52.0,0.0095,325.6605,900.0,4500.0,2628.1853,1.2435,0.5395,0.202,851.7665,2.6155
ts12_nq,MNQ,0.35,0.35,1:0.35,in-sample,,0.69,0.2375,0.1237,0.6388,0.0332,1.1722,1.5469,0.0513,106.2011,20.5276,8.6014,16.2927,3.0,4.0,5.0,7.0,12.0,17.0,14.0,21.0,6.0,8.0,0.0061,50K,700.0,0.4765,0.5215,34.0,0.08,170.2975,600.0,3000.0,1574.5104,1.109,0.4855,0.1825,579.9567,3.4056
ts12_nq,MNQ,0.35,0.35,1:0.35,in-sample,,0.69,0.2375,0.1237,0.6388,0.0332,1.1722,1.5469,0.0513,106.2011,20.5276,8.6014,16.2927,3.0,4.0,5.0,7.0,12.0,17.0,14.0,21.0,6.0,8.0,0.0061,100K,1050.0,0.405,0.5885,42.5,0.028,279.7365,900.0,4500.0,2424.498,1.133,0.4735,0.1855,702.1852,2.5102
ts12_nq,MNQ,0.35,0.5,1:0.50,in-sample,,0.6153,0.3438,0.1468,0.5094,0.0377,1.1624,1.376,0.0519,139.7981,20.7569,9.3066,16.4304,3.0,4.0,6.0,9.0,8.0,12.0,11.0,18.0,7.0,10.0,0.0061,50K,700.0,0.436,0.5635,30.0,0.1155,152.745,600.0,3000.0,1456.4036,1.012,0.439,0.158,482.247,3.1572
ts12_nq,MNQ,0.35,0.5,1:0.50,in-sample,,0.6153,0.3438,0.1468,0.5094,0.0377,1.1624,1.376,0.0519,139.7981,20.7569,9.3066,16.4304,3.0,4.0,6.0,9.0,8.0,12.0,11.0,18.0,7.0,10.0,0.0061,100K,1050.0,0.366,0.6305,39.0,0.045,254.388,900.0,4500.0,2397.9885,1.1085,0.4455,0.1775,623.2758,2.4501
ts12_nq,MNQ,0.5,0.08,1:0.08,in-sample,,0.8849,0.0954,0.0219,0.8826,0.0105,1.1871,1.9959,0.021,43.7079,8.4115,4.6088,9.3326,1.0,2.0,3.0,4.0,38.0,58.05,38.0,59.05,4.0,5.0,0.0043,50K,1500.0,0.4085,0.591,30.0,0.0815,144.7975,600.0,1000.0,792.6656,1.6815,0.734,0.243,179.0064,1.2363
ts12_nq,MNQ,0.5,0.08,1:0.08,in-sample,,0.8849,0.0954,0.0219,0.8826,0.0105,1.1871,1.9959,0.021,43.7079,8.4115,4.6088,9.3326,1.0,2.0,3.0,4.0,38.0,58.05,38.0,59.05,4.0,5.0,0.0043,100K,2250.0,0.34,0.6585,39.0,0.0195,236.586,900.0,1500.0,1217.1355,1.7135,0.741,0.2455,177.2401,0.7492
ts12_nq,MNQ,0.5,0.1,1:0.10,in-sample,,0.8594,0.1193,0.0272,0.8534,0.0136,1.1997,1.9174,0.0261,53.4388,10.4563,4.7413,9.1418,1.0,2.0,3.0,4.0,32.0,44.05,32.5,48.05,4.0,6.0,0.0043,50K,1500.0,0.409,0.591,25.0,0.131,131.5375,600.0,1000.0,907.3078,1.885,0.782,0.2765,239.5514,1.8212
ts12_nq,MNQ,0.5,0.1,1:0.10,in-sample,,0.8594,0.1193,0.0272,0.8534,0.0136,1.1997,1.9174,0.0261,53.4388,10.4563,4.7413,9.1418,1.0,2.0,3.0,4.0,32.0,44.05,32.5,48.05,4.0,6.0,0.0043,100K,2250.0,0.329,0.671,32.0,0.044,210.141,900.0,1500.0,1377.5743,1.902,0.7845,0.278,243.0809,1.1568
ts12_nq,MNQ,0.5,0.12,1:0.12,in-sample,,0.8337,0.1438,0.0309,0.8252,0.0165,1.2078,1.8418,0.0304,63.012,12.1491,5.0138,9.6606,2.0,2.0,3.0,5.0,26.0,39.05,27.0,42.0,4.0,6.0,0.0043,50K,1500.0,0.416,0.584,22.0,0.187,121.6775,600.0,1000.0,981.1276,1.9865,0.8175,0.291,286.4716,2.3544
ts12_nq,MNQ,0.5,0.12,1:0.12,in-sample,,0.8337,0.1438,0.0309,0.8252,0.0165,1.2078,1.8418,0.0304,63.012,12.1491,5.0138,9.6606,2.0,2.0,3.0,5.0,26.0,39.05,27.0,42.0,4.0,6.0,0.0043,100K,2250.0,0.3345,0.6655,28.0,0.0795,194.9835,900.0,3000.0,1557.9757,1.116,0.572,0.1475,326.1594,1.6728
ts12_nq,MNQ,0.5,0.15,1:0.15,in-sample,N04,0.7951,0.1841,0.0369,0.7789,0.0188,1.1972,1.7325,0.0326,77.8036,13.0458,5.2492,9.9215,2.0,2.0,4.0,5.0,21.0,31.0,23.0,34.0,5.0,7.0,0.0043,50K,1500.0,0.425,0.575,20.0,0.2285,111.01,600.0,2000.0,995.8813,1.067,0.561,0.138,312.2396,2.8127
ts12_nq,MNQ,0.5,0.15,1:0.15,in-sample,N04,0.7951,0.1841,0.0369,0.7789,0.0188,1.1972,1.7325,0.0326,77.8036,13.0458,5.2492,9.9215,2.0,2.0,4.0,5.0,21.0,31.0,23.0,34.0,5.0,7.0,0.0043,100K,2250.0,0.351,0.649,24.0,0.122,181.632,900.0,3000.0,1704.3319,1.2145,0.582,0.1775,416.5885,2.2936
ts12_nq,MNQ,0.5,0.2,1:0.20,in-sample,,0.7413,0.2448,0.0457,0.7095,0.0236,1.2015,1.5956,0.0377,99.1986,15.0785,5.7917,11.3455,2.0,3.0,4.0,7.0,15.0,22.05,17.0,26.05,5.0,8.0,0.0043,50K,1000.0,0.47,0.529,35.0,0.0715,167.705,600.0,2000.0,1233.9948,1.3105,0.6195,0.192,412.2726,2.4583
ts12_nq,MNQ,0.5,0.2,1:0.20,in-sample,,0.7413,0.2448,0.0457,0.7095,0.0236,1.2015,1.5956,0.0377,99.1986,15.0785,5.7917,11.3455,2.0,3.0,4.0,7.0,15.0,22.05,17.0,26.05,5.0,8.0,0.0043,100K,1500.0,0.4035,0.5875,44.0,0.023,279.6075,900.0,3000.0,2039.4747,1.4415,0.629,0.2205,543.3205,1.9432
ts12_nq,MNQ,0.5,0.25,1:0.25,in-sample,,0.6928,0.3097,0.0535,0.6368,0.0235,1.1707,1.4738,0.0347,120.1613,13.8797,6.1591,11.6934,2.0,3.0,5.0,7.0,12.0,17.0,14.0,21.0,6.0,9.0,0.0043,50K,1500.0,0.391,0.609,15.0,0.291,98.855,600.0,2000.0,1168.8994,1.233,0.5925,0.1845,358.1847,3.6233
ts12_nq,MNQ,0.5,0.25,1:0.25,in-sample,,0.6928,0.3097,0.0535,0.6368,0.0235,1.1707,1.4738,0.0347,120.1613,13.8797,6.1591,11.6934,2.0,3.0,5.0,7.0,12.0,17.0,14.0,21.0,6.0,9.0,0.0043,100K,2250.0,0.331,0.669,19.0,0.183,161.3145,900.0,3000.0,1973.8885,1.387,0.6045,0.2145,492.0426,3.0502
ts12_nq,MNQ,0.5,0.35,1:0.35,in-sample,,0.6252,0.4189,0.0667,0.5144,0.0236,1.1404,1.3155,0.0311,154.4895,12.4192,7.4753,14.7295,2.0,3.0,6.0,8.0,8.0,12.0,12.0,17.0,6.0,10.0,0.0043,50K,1500.0,0.3585,0.6415,12.0,0.3045,94.265,600.0,2000.0,1136.4761,1.183,0.562,0.172,313.1617,3.3221
ts12_nq,MNQ,0.5,0.35,1:0.35,in-sample,,0.6252,0.4189,0.0667,0.5144,0.0236,1.1404,1.3155,0.0311,154.4895,12.4192,7.4753,14.7295,2.0,3.0,6.0,8.0,8.0,12.0,12.0,17.0,6.0,10.0,0.0043,100K,2250.0,0.293,0.707,16.0,0.211,148.2855,900.0,3000.0,1772.5352,1.228,0.5415,0.187,371.0673,2.5024
ts12_nq,MNQ,0.5,0.5,1:0.50,in-sample,,0.57,0.56,0.075,0.3651,0.0278,1.1464,1.1673,0.0325,194.2641,12.995,7.9386,15.4622,2.0,3.0,7.0,10.0,5.0,8.0,9.0,14.0,7.0,10.0,0.0043,50K,1000.0,0.3895,0.6105,24.0,0.147,133.4925,600.0,2000.0,1078.5775,1.112,0.525,0.164,286.6134,2.147
ts12_nq,MNQ,0.5,0.5,1:0.50,in-sample,,0.57,0.56,0.075,0.3651,0.0278,1.1464,1.1673,0.0325,194.2641,12.995,7.9386,15.4622,2.0,3.0,7.0,10.0,5.0,8.0,9.0,14.0,7.0,10.0,0.0043,100K,1500.0,0.33,0.6695,33.0,0.057,222.0735,900.0,3000.0,1859.2761,1.268,0.5505,0.1945,391.4876,1.7629
ts12_nq,MNQ,0.35,0.08,1:0.08,mitad,,0.9036,0.0531,0.044,0.9029,0.0004,1.0053,2.1134,0.0007,30.4536,0.2977,7.96,16.9735,2.0,3.0,2.5,4.0,46.0,70.0,46.0,70.0,3.0,5.0,0.0061,50K,1500.0,0.2505,0.7495,25.0,0.0795,118.7025,600.0,1000.0,506.5462,1.067,0.5645,0.125,8.1873,0.069
ts12_nq,MNQ,0.35,0.08,1:0.08,mitad,,0.9036,0.0531,0.044,0.9029,0.0004,1.0053,2.1134,0.0007,30.4536,0.2977,7.96,16.9735,2.0,3.0,2.5,4.0,46.0,70.0,46.0,70.0,3.0,5.0,0.0061,100K,2250.0,0.199,0.801,30.5,0.024,187.308,900.0,1500.0,784.8035,1.099,0.581,0.13,-31.1321,-0.1662
ts12_nq,MNQ,0.35,0.1,1:0.10,mitad,,0.8816,0.0678,0.0523,0.8799,0.0029,1.0367,2.051,0.006,37.5653,2.3987,7.572,15.9856,2.0,3.0,3.0,4.0,38.0,53.0,38.0,55.0,4.0,6.0,0.0061,50K,1500.0,0.3,0.7,20.0,0.1505,109.0975,600.0,1000.0,594.3592,1.224,0.6065,0.164,69.2103,0.6344
ts12_nq,MNQ,0.35,0.1,1:0.10,mitad,,0.8816,0.0678,0.0523,0.8799,0.0029,1.0367,2.051,0.006,37.5653,2.3987,7.572,15.9856,2.0,3.0,3.0,4.0,38.0,53.0,38.0,55.0,4.0,6.0,0.0061,100K,2250.0,0.2225,0.7775,25.0,0.0665,173.8275,900.0,1500.0,958.0815,1.312,0.6265,0.175,39.3456,0.2263
ts12_nq,MNQ,0.35,0.12,1:0.12,mitad,,0.8561,0.0859,0.0609,0.8532,0.002,1.0213,1.9835,0.004,44.9986,1.6074,8.7436,19.5175,2.0,3.0,3.0,4.0,32.0,48.05,33.0,49.0,4.0,6.0,0.0061,50K,1500.0,0.2465,0.7535,18.0,0.1415,102.3825,600.0,1000.0,585.2551,1.1745,0.61,0.139,41.8829,0.4091
ts12_nq,MNQ,0.35,0.12,1:0.12,mitad,,0.8561,0.0859,0.0609,0.8532,0.002,1.0213,1.9835,0.004,44.9986,1.6074,8.7436,19.5175,2.0,3.0,3.0,4.0,32.0,48.05,33.0,49.0,4.0,6.0,0.0061,100K,2250.0,0.195,0.805,22.0,0.08,159.315,900.0,1500.0,936.7007,1.251,0.6135,0.157,23.3416,0.1465
ts12_nq,MNQ,0.35,0.15,1:0.15,mitad,,0.8298,0.1053,0.0713,0.8234,0.0082,1.0746,1.9077,0.0157,54.1618,6.2941,7.8336,16.4449,2.0,3.0,3.0,5.0,26.0,38.0,27.0,39.1,5.0,7.0,0.0061,50K,1500.0,0.305,0.695,15.0,0.2225,97.2825,600.0,2000.0,847.8308,0.9035,0.458,0.1265,161.3059,1.6581
ts12_nq,MNQ,0.35,0.15,1:0.15,mitad,,0.8298,0.1053,0.0713,0.8234,0.0082,1.0746,1.9077,0.0157,54.1618,6.2941,7.8336,16.4449,2.0,3.0,3.0,5.0,26.0,38.0,27.0,39.1,5.0,7.0,0.0061,100K,2250.0,0.2265,0.7735,19.0,0.1235,154.2195,900.0,3000.0,1345.4509,0.9535,0.462,0.1325,150.5251,0.976
ts12_nq,MNQ,0.35,0.2,1:0.20,mitad,,0.7792,0.1427,0.0911,0.7663,0.0079,1.0557,1.7902,0.0141,69.608,5.6459,9.7418,18.893,2.0,3.0,4.0,6.0,20.0,28.0,21.0,30.0,5.0,8.0,0.0061,50K,1500.0,0.306,0.694,12.0,0.2545,91.29,600.0,2000.0,800.9904,0.8415,0.439,0.1105,153.8131,1.6849
ts12_nq,MNQ,0.35,0.2,1:0.20,mitad,,0.7792,0.1427,0.0911,0.7663,0.0079,1.0557,1.7902,0.0141,69.608,5.6459,9.7418,18.893,2.0,3.0,4.0,6.0,20.0,28.0,21.0,30.0,5.0,8.0,0.0061,100K,2250.0,0.233,0.767,16.0,0.17,143.577,900.0,3000.0,1313.2166,0.919,0.4435,0.1295,162.4025,1.1311
ts12_nq,MNQ,0.35,0.25,1:0.25,mitad,N02,0.7379,0.1789,0.1071,0.7139,0.009,1.0539,1.6826,0.0151,84.2913,6.0586,10.7695,19.8748,3.0,4.0,4.0,6.0,16.0,23.05,18.0,26.0,6.0,8.0,0.0061,50K,1500.0,0.287,0.713,10.0,0.258,88.8675,600.0,2000.0,841.9852,0.8725,0.4245,0.118,152.7823,1.7192
ts12_nq,MNQ,0.35,0.25,1:0.25,mitad,N02,0.7379,0.1789,0.1071,0.7139,0.009,1.0539,1.6826,0.0151,84.2913,6.0586,10.7695,19.8748,3.0,4.0,4.0,6.0,16.0,23.05,18.0,26.0,6.0,8.0,0.0061,100K,2250.0,0.2185,0.7815,13.0,0.1745,138.7395,900.0,3000.0,1413.8701,0.977,0.4415,0.1375,170.1911,1.2267
ts12_nq,MNQ,0.35,0.35,1:0.35,mitad,,0.6682,0.2516,0.1313,0.617,0.0121,1.0584,1.5249,0.0184,110.2328,7.3506,10.8668,22.3162,3.0,4.0,5.0,7.0,11.0,17.0,13.0,20.0,6.0,9.0,0.0061,50K,1500.0,0.3005,0.6995,9.0,0.284,87.1675,600.0,2000.0,970.0026,0.988,0.4445,0.1405,204.3183,2.344
ts12_nq,MNQ,0.35,0.35,1:0.35,mitad,,0.6682,0.2516,0.1313,0.617,0.0121,1.0584,1.5249,0.0184,110.2328,7.3506,10.8668,22.3162,3.0,4.0,5.0,7.0,11.0,17.0,13.0,20.0,6.0,9.0,0.0061,100K,2250.0,0.236,0.764,11.0,0.2125,134.8695,900.0,3000.0,1462.4062,0.9895,0.443,0.131,210.2584,1.559
ts12_nq,MNQ,0.35,0.5,1:0.50,mitad,,0.5961,0.3545,0.1585,0.487,0.0133,1.0539,1.361,0.0181,143.0087,7.2238,12.1531,23.7251,3.0,5.0,6.0,9.0,7.0,11.0,10.0,15.05,7.0,10.0,0.0061,50K,1500.0,0.291,0.709,8.0,0.2785,86.9975,600.0,2000.0,914.3356,0.907,0.438,0.1235,179.0742,2.0584
ts12_nq,MNQ,0.35,0.5,1:0.50,mitad,,0.5961,0.3545,0.1585,0.487,0.0133,1.0539,1.361,0.0181,143.0087,7.2238,12.1531,23.7251,3.0,5.0,6.0,9.0,7.0,11.0,10.0,15.05,7.0,10.0,0.0061,100K,2250.0,0.241,0.759,9.0,0.2285,131.7735,900.0,3000.0,1401.8993,0.921,0.4205,0.131,206.0842,1.5639
ts12_nq,MNQ,0.5,0.08,1:0.08,mitad,,0.8709,0.108,0.0244,0.8676,0.0031,1.0502,1.9654,0.0062,47.6729,2.4723,5.6906,12.2525,1.0,2.0,3.0,4.0,33.0,52.1,35.0,52.1,4.0,6.0,0.0043,50K,1500.0,0.307,0.693,31.0,0.053,143.99,600.0,1000.0,492.0589,1.047,0.5475,0.134,7.0721,0.0491
ts12_nq,MNQ,0.5,0.08,1:0.08,mitad,,0.8709,0.108,0.0244,0.8676,0.0031,1.0502,1.9654,0.0062,47.6729,2.4723,5.6906,12.2525,1.0,2.0,3.0,4.0,33.0,52.1,35.0,52.1,4.0,6.0,0.0043,100K,2250.0,0.2355,0.763,41.0,0.013,226.266,900.0,1500.0,827.9459,1.166,0.587,0.149,-31.2847,-0.1383
ts12_nq,MNQ,0.5,0.1,1:0.10,mitad,,0.8416,0.1349,0.0289,0.8362,0.0046,1.0608,1.883,0.0087,57.9403,3.4617,6.5104,12.6073,1.0,2.0,3.0,5.0,28.5,42.0,30.0,43.05,4.0,7.0,0.0043,50K,1500.0,0.3045,0.6955,27.0,0.089,129.285,600.0,1000.0,580.1931,1.2135,0.6165,0.1525,47.3838,0.3665
ts12_nq,MNQ,0.5,0.1,1:0.10,mitad,,0.8416,0.1349,0.0289,0.8362,0.0046,1.0608,1.883,0.0087,57.9403,3.4617,6.5104,12.6073,1.0,2.0,3.0,5.0,28.5,42.0,30.0,43.05,4.0,7.0,0.0043,100K,2250.0,0.2405,0.759,35.0,0.0285,209.496,900.0,1500.0,944.8675,1.3105,0.6425,0.1755,17.7446,0.0847
ts12_nq,MNQ,0.5,0.12,1:0.12,mitad,,0.8153,0.1602,0.0344,0.8054,0.0051,1.0573,1.8027,0.0091,68.2353,3.6586,6.879,14.391,2.0,3.0,3.0,5.0,24.0,34.0,25.0,36.05,5.0,7.0,0.0043,50K,1500.0,0.292,0.708,23.0,0.115,118.1075,600.0,1000.0,585.7818,1.1975,0.6,0.156,52.9408,0.4482
ts12_nq,MNQ,0.5,0.12,1:0.12,mitad,,0.8153,0.1602,0.0344,0.8054,0.0051,1.0573,1.8027,0.0091,68.2353,3.6586,6.879,14.391,2.0,3.0,3.0,5.0,24.0,34.0,25.0,36.05,5.0,7.0,0.0043,100K,2250.0,0.2355,0.764,29.0,0.053,187.1145,900.0,1500.0,969.0898,1.3255,0.639,0.1665,41.1061,0.2197
ts12_nq,MNQ,0.5,0.15,1:0.15,mitad,N04,0.776,0.1995,0.0402,0.7603,0.0068,1.0645,1.7035,0.0115,82.1773,4.6028,6.9504,15.1669,2.0,3.0,4.0,5.05,18.5,27.0,20.0,29.0,5.0,7.05,0.0043,50K,1500.0,0.2855,0.7145,21.0,0.1375,111.605,600.0,1000.0,644.862,1.277,0.646,0.1625,72.5031,0.6496
ts12_nq,MNQ,0.5,0.15,1:0.15,mitad,N04,0.776,0.1995,0.0402,0.7603,0.0068,1.0645,1.7035,0.0115,82.1773,4.6028,6.9504,15.1669,2.0,3.0,4.0,5.05,18.5,27.0,20.0,29.0,5.0,7.05,0.0043,100K,2250.0,0.2335,0.7665,26.0,0.073,176.6655,900.0,1500.0,1021.8676,1.352,0.663,0.167,61.9406,0.3506
ts12_nq,MNQ,0.5,0.2,1:0.20,mitad,,0.7194,0.2653,0.0501,0.6846,0.0077,1.0603,1.558,0.0121,105.3929,4.8264,7.6197,14.0809,2.0,3.0,4.0,6.0,14.0,20.0,16.0,24.0,6.0,8.0,0.0043,50K,1500.0,0.3015,0.6985,17.0,0.2,102.935,600.0,1000.0,699.8678,1.3125,0.6565,0.163,108.0752,1.0499
ts12_nq,MNQ,0.5,0.2,1:0.20,mitad,,0.7194,0.2653,0.0501,0.6846,0.0077,1.0603,1.558,0.0121,105.3929,4.8264,7.6197,14.0809,2.0,3.0,4.0,6.0,14.0,20.0,16.0,24.0,6.0,8.0,0.0043,100K,2250.0,0.239,0.761,22.0,0.1065,165.0555,900.0,3000.0,1060.9577,0.7505,0.4205,0.0835,88.5134,0.5363
ts12_nq,MNQ,0.5,0.25,1:0.25,mitad,,0.6747,0.3227,0.0598,0.6175,0.007,1.047,1.4538,0.0102,124.5045,4.094,8.3881,18.3014,2.0,3.0,5.0,7.0,11.0,16.05,13.0,20.0,6.0,9.0,0.0043,50K,1500.0,0.302,0.698,15.0,0.2185,99.025,600.0,1000.0,696.042,1.2715,0.6455,0.156,111.1797,1.1227
ts12_nq,MNQ,0.5,0.25,1:0.25,mitad,,0.6747,0.3227,0.0598,0.6175,0.007,1.047,1.4538,0.0102,124.5045,4.094,8.3881,18.3014,2.0,3.0,5.0,7.0,11.0,16.05,13.0,20.0,6.0,9.0,0.0043,100K,2250.0,0.2325,0.7675,19.0,0.131,156.606,900.0,3000.0,1184.7688,0.831,0.4315,0.1095,118.8528,0.7589
ts12_nq,MNQ,0.5,0.35,1:0.35,mitad,,0.6069,0.4354,0.0694,0.4953,0.0082,1.0462,1.2987,0.0106,158.5875,4.2332,9.2393,18.3217,2.0,3.0,6.0,8.0,8.0,11.0,11.0,16.0,7.0,9.0,0.0043,50K,1500.0,0.28,0.72,14.0,0.221,93.84,600.0,2000.0,696.0973,0.7285,0.4105,0.075,101.0672,1.077
ts12_nq,MNQ,0.5,0.35,1:0.35,mitad,,0.6069,0.4354,0.0694,0.4953,0.0082,1.0462,1.2987,0.0106,158.5875,4.2332,9.2393,18.3217,2.0,3.0,6.0,8.0,8.0,11.0,11.0,16.0,7.0,9.0,0.0043,100K,2250.0,0.2295,0.7705,17.0,0.1395,149.382,900.0,3000.0,1166.3926,0.813,0.4175,0.105,118.3051,0.792
ts12_nq,MNQ,0.5,0.5,1:0.50,mitad,,0.5578,0.5662,0.0795,0.3543,0.0138,1.0701,1.1577,0.016,197.2235,6.4022,9.3927,19.9599,2.0,3.0,7.0,10.0,5.0,8.0,9.0,13.0,7.0,10.0,0.0043,50K,1500.0,0.3055,0.6945,12.0,0.257,92.565,600.0,2000.0,863.4438,0.889,0.458,0.113,171.2171,1.8497
ts12_nq,MNQ,0.5,0.5,1:0.50,mitad,,0.5578,0.5662,0.0795,0.3543,0.0138,1.0701,1.1577,0.016,197.2235,6.4022,9.3927,19.9599,2.0,3.0,7.0,10.0,5.0,8.0,9.0,13.0,7.0,10.0,0.0043,100K,2250.0,0.231,0.769,15.0,0.1605,146.3505,900.0,3000.0,1377.3071,0.939,0.457,0.1275,171.8075,1.1739
ts12_nq,MNQ,0.35,0.08,1:0.08,sin ventaja,,0.8897,0.0617,0.0496,0.8886,-0.0101,0.867,2.0791,-0.0209,34.0952,-8.38,13.1755,23.942,2.0,3.0,3.0,4.0,41.0,65.1,41.0,65.1,4.0,5.0,0.0061,50K,1500.0,0.1505,0.8495,25.0,0.0515,114.07,600.0,1000.0,282.0166,0.5965,0.3545,0.057,-71.6265,-0.6279
ts12_nq,MNQ,0.35,0.08,1:0.08,sin ventaja,,0.8897,0.0617,0.0496,0.8886,-0.0101,0.867,2.0791,-0.0209,34.0952,-8.38,13.1755,23.942,2.0,3.0,3.0,4.0,41.0,65.1,41.0,65.1,4.0,5.0,0.0061,100K,2250.0,0.102,0.8975,31.0,0.011,175.2465,900.0,1500.0,471.3053,0.6635,0.389,0.068,-127.1734,-0.7257
ts12_nq,MNQ,0.35,0.1,1:0.10,sin ventaja,,0.8659,0.0759,0.0603,0.8638,-0.0103,0.8871,2.0222,-0.0209,40.4923,-8.3531,13.8775,24.3894,2.0,3.0,3.0,4.0,34.0,52.0,34.0,52.0,4.0,6.0,0.0061,50K,1500.0,0.196,0.804,20.0,0.106,103.4875,600.0,1000.0,317.1447,0.6545,0.3945,0.057,-41.3271,-0.3993
ts12_nq,MNQ,0.35,0.1,1:0.10,sin ventaja,,0.8659,0.0759,0.0603,0.8638,-0.0103,0.8871,2.0222,-0.0209,40.4923,-8.3531,13.8775,24.3894,2.0,3.0,3.0,4.0,34.0,52.0,34.0,52.0,4.0,6.0,0.0061,100K,2250.0,0.131,0.869,25.0,0.0425,162.8625,900.0,1500.0,523.9968,0.723,0.4315,0.0655,-94.2189,-0.5785
ts12_nq,MNQ,0.35,0.12,1:0.12,sin ventaja,,0.8427,0.0925,0.0684,0.8391,-0.0095,0.9095,1.9554,-0.0186,48.2937,-7.4436,12.8554,26.7534,2.0,3.0,3.0,4.05,29.0,44.0,30.0,44.0,4.0,6.0,0.0061,50K,1500.0,0.187,0.813,18.0,0.1135,99.5775,600.0,1000.0,372.8951,0.7535,0.4435,0.079,-29.8461,-0.2997
ts12_nq,MNQ,0.35,0.12,1:0.12,sin ventaja,,0.8427,0.0925,0.0684,0.8391,-0.0095,0.9095,1.9554,-0.0186,48.2937,-7.4436,12.8554,26.7534,2.0,3.0,3.0,4.05,29.0,44.0,30.0,44.0,4.0,6.0,0.0061,100K,2250.0,0.137,0.863,23.0,0.0535,156.864,900.0,1500.0,573.3352,0.7715,0.4535,0.0745,-78.3171,-0.4993
ts12_nq,MNQ,0.35,0.15,1:0.15,sin ventaja,,0.8132,0.1123,0.081,0.8067,-0.0076,0.9387,1.8748,-0.0142,58.0617,-5.7004,13.3558,27.1249,2.0,4.0,3.0,5.0,24.0,36.0,26.0,36.05,5.0,7.0,0.0061,50K,1500.0,0.203,0.797,15.0,0.155,93.7975,600.0,1000.0,424.6051,0.825,0.4655,0.091,-7.6027,-0.0811
ts12_nq,MNQ,0.35,0.15,1:0.15,sin ventaja,,0.8132,0.1123,0.081,0.8067,-0.0076,0.9387,1.8748,-0.0142,58.0617,-5.7004,13.3558,27.1249,2.0,4.0,3.0,5.0,24.0,36.0,26.0,36.05,5.0,7.0,0.0061,100K,2250.0,0.1465,0.8535,18.0,0.0865,148.5435,900.0,1500.0,727.7299,0.944,0.516,0.1085,-41.9311,-0.2823
ts12_nq,MNQ,0.35,0.2,1:0.20,sin ventaja,,0.7602,0.1525,0.1022,0.7452,-0.0111,0.9288,1.7565,-0.0196,73.7569,-7.8331,15.1782,28.7938,3.0,4.0,4.0,6.0,18.0,26.0,20.0,27.0,6.0,8.0,0.0061,50K,1500.0,0.218,0.782,13.0,0.1885,90.0575,600.0,1000.0,441.6289,0.8235,0.5015,0.0715,6.2176,0.069
ts12_nq,MNQ,0.35,0.2,1:0.20,sin ventaja,,0.7602,0.1525,0.1022,0.7452,-0.0111,0.9288,1.7565,-0.0196,73.7569,-7.8331,15.1782,28.7938,3.0,4.0,4.0,6.0,18.0,26.0,20.0,27.0,6.0,8.0,0.0061,100K,2250.0,0.1635,0.8365,15.0,0.1205,140.0295,900.0,1500.0,678.9046,0.843,0.501,0.0815,-29.0286,-0.2073
ts12_nq,MNQ,0.35,0.25,1:0.25,sin ventaja,N02,0.7178,0.1881,0.1172,0.6947,-0.0091,0.9496,1.6612,-0.0151,88.0872,-6.0395,14.6987,30.5128,3.0,4.0,5.0,6.05,15.0,23.0,16.0,25.0,6.0,9.0,0.0061,50K,1500.0,0.202,0.798,10.0,0.179,89.3775,600.0,1000.0,490.9035,0.859,0.517,0.0835,9.785,0.1095
ts12_nq,MNQ,0.35,0.25,1:0.25,sin ventaja,N02,0.7178,0.1881,0.1172,0.6947,-0.0091,0.9496,1.6612,-0.0151,88.0872,-6.0395,14.6987,30.5128,3.0,4.0,5.0,6.05,15.0,23.0,16.0,25.0,6.0,9.0,0.0061,100K,2250.0,0.1555,0.8445,13.0,0.127,136.8045,900.0,1500.0,742.1524,0.892,0.5265,0.093,-21.3998,-0.1564
ts12_nq,MNQ,0.35,0.35,1:0.35,sin ventaja,,0.6474,0.2639,0.1422,0.5939,-0.0106,0.9523,1.5024,-0.0159,114.3865,-6.3407,16.1656,34.3634,3.0,4.0,6.0,8.0,11.0,15.0,13.0,19.05,6.0,10.0,0.0061,50K,1500.0,0.2455,0.7545,9.0,0.235,86.785,600.0,2000.0,525.5086,0.539,0.2995,0.055,42.2274,0.4866
ts12_nq,MNQ,0.35,0.35,1:0.35,sin ventaja,,0.6474,0.2639,0.1422,0.5939,-0.0106,0.9523,1.5024,-0.0159,114.3865,-6.3407,16.1656,34.3634,3.0,4.0,6.0,8.0,11.0,15.0,13.0,19.05,6.0,10.0,0.0061,100K,2250.0,0.1835,0.8165,12.0,0.166,133.3215,900.0,3000.0,784.5751,0.5355,0.299,0.0595,10.648,0.0799
ts12_nq,MNQ,0.35,0.5,1:0.50,sin ventaja,,0.5756,0.3654,0.1701,0.4646,-0.0137,0.9479,1.3362,-0.0183,147.882,-7.3088,18.4969,34.6919,3.0,5.0,7.0,9.0,7.0,10.0,10.0,14.0,7.0,11.0,0.0061,50K,1500.0,0.2065,0.7935,8.0,0.1995,86.4875,600.0,2000.0,527.6765,0.5285,0.288,0.059,22.4777,0.2599
ts12_nq,MNQ,0.35,0.5,1:0.50,sin ventaja,,0.5756,0.3654,0.1701,0.4646,-0.0137,0.9479,1.3362,-0.0183,147.882,-7.3088,18.4969,34.6919,3.0,5.0,7.0,9.0,7.0,10.0,10.0,14.0,7.0,11.0,0.0061,100K,2250.0,0.1815,0.8185,10.0,0.1675,131.9025,900.0,3000.0,900.5452,0.601,0.327,0.0675,31.5465,0.2392
ts12_nq,MNQ,0.5,0.08,1:0.08,sin ventaja,,0.8563,0.12,0.0273,0.8527,-0.0064,0.9103,1.9232,-0.0123,51.9123,-4.8997,10.0905,19.3102,1.0,2.0,3.0,4.0,31.0,49.05,33.0,49.05,4.0,6.0,0.0043,50K,1500.0,0.163,0.837,32.0,0.0335,131.9625,600.0,1000.0,267.6581,0.5695,0.3605,0.053,-88.3342,-0.6694
ts12_nq,MNQ,0.5,0.08,1:0.08,sin ventaja,,0.8563,0.12,0.0273,0.8527,-0.0064,0.9103,1.9232,-0.0123,51.9123,-4.8997,10.0905,19.3102,1.0,2.0,3.0,4.0,31.0,49.05,33.0,49.05,4.0,6.0,0.0043,100K,2250.0,0.122,0.877,41.0,0.007,203.3685,900.0,1500.0,438.7236,0.6205,0.385,0.0575,-149.8442,-0.7368
ts12_nq,MNQ,0.5,0.1,1:0.10,sin ventaja,,0.8273,0.1465,0.0319,0.8217,-0.0055,0.9353,1.842,-0.01,62.5869,-4.0187,9.1156,19.2268,1.5,2.0,3.0,4.0,26.0,40.05,27.0,41.0,4.0,6.0,0.0043,50K,1500.0,0.1865,0.8135,27.0,0.0555,123.1225,600.0,1000.0,331.1064,0.692,0.4045,0.07,-61.3712,-0.4985
ts12_nq,MNQ,0.5,0.1,1:0.10,sin ventaja,,0.8273,0.1465,0.0319,0.8217,-0.0055,0.9353,1.842,-0.01,62.5869,-4.0187,9.1156,19.2268,1.5,2.0,3.0,4.0,26.0,40.05,27.0,41.0,4.0,6.0,0.0043,100K,2250.0,0.141,0.8585,34.0,0.015,192.0165,900.0,1500.0,533.3621,0.742,0.429,0.0705,-116.8124,-0.6083
ts12_nq,MNQ,0.5,0.12,1:0.12,sin ventaja,,0.7984,0.173,0.0382,0.7888,-0.0063,0.9356,1.7664,-0.0111,72.9284,-4.4627,9.785,19.3742,2.0,2.0,4.0,5.0,22.0,34.05,23.0,35.05,5.0,7.0,0.0043,50K,1500.0,0.197,0.803,23.0,0.08,112.8375,600.0,1000.0,325.0064,0.669,0.4085,0.0615,-48.8112,-0.4326
ts12_nq,MNQ,0.5,0.12,1:0.12,sin ventaja,,0.7984,0.173,0.0382,0.7888,-0.0063,0.9356,1.7664,-0.0111,72.9284,-4.4627,9.785,19.3742,2.0,2.0,4.0,5.0,22.0,34.05,23.0,35.05,5.0,7.0,0.0043,100K,2250.0,0.149,0.8505,30.0,0.03,178.0845,900.0,1500.0,560.961,0.769,0.445,0.0815,-94.5013,-0.5307
ts12_nq,MNQ,0.5,0.15,1:0.15,sin ventaja,N04,0.7584,0.213,0.0454,0.7416,-0.0063,0.945,1.6708,-0.0106,87.4268,-4.2312,10.4227,21.0716,2.0,3.0,4.0,6.0,17.0,24.0,18.0,26.0,5.0,8.0,0.0043,50K,1500.0,0.2145,0.7855,19.0,0.1155,107.6525,600.0,1000.0,411.3373,0.823,0.469,0.088,-19.4206,-0.1804
ts12_nq,MNQ,0.5,0.15,1:0.15,sin ventaja,N04,0.7584,0.213,0.0454,0.7416,-0.0063,0.945,1.6708,-0.0106,87.4268,-4.2312,10.4227,21.0716,2.0,3.0,4.0,6.0,17.0,24.0,18.0,26.0,5.0,8.0,0.0043,100K,2250.0,0.1655,0.8345,27.0,0.0535,168.474,900.0,1500.0,635.391,0.851,0.4875,0.092,-63.3168,-0.3758
ts12_nq,MNQ,0.5,0.2,1:0.20,sin ventaja,,0.6956,0.2821,0.0568,0.6611,-0.0106,0.9256,1.5315,-0.0162,110.3085,-6.4901,12.6688,25.0985,2.0,3.0,5.0,7.0,13.0,19.0,15.0,22.0,6.0,10.0,0.0043,50K,1500.0,0.195,0.805,17.0,0.1225,101.235,600.0,1000.0,369.2472,0.7145,0.4335,0.069,-29.2318,-0.2888
ts12_nq,MNQ,0.5,0.2,1:0.20,sin ventaja,,0.6956,0.2821,0.0568,0.6611,-0.0106,0.9256,1.5315,-0.0162,110.3085,-6.4901,12.6688,25.0985,2.0,3.0,5.0,7.0,13.0,19.0,15.0,22.0,6.0,10.0,0.0043,100K,2250.0,0.137,0.863,24.0,0.0565,158.67,900.0,1500.0,616.0983,0.795,0.462,0.0825,-74.2645,-0.468
ts12_nq,MNQ,0.5,0.25,1:0.25,sin ventaja,,0.6557,0.3394,0.063,0.5976,-0.0075,0.9532,1.4243,-0.0106,129.7781,-4.2488,12.4986,22.7884,2.0,3.0,5.0,8.0,10.5,16.0,13.0,19.0,6.0,9.0,0.0043,50K,1500.0,0.2225,0.7775,16.0,0.1535,97.7925,600.0,1000.0,446.5119,0.845,0.504,0.087,1.5564,0.0159
ts12_nq,MNQ,0.5,0.25,1:0.25,sin ventaja,,0.6557,0.3394,0.063,0.5976,-0.0075,0.9532,1.4243,-0.0106,129.7781,-4.2488,12.4986,22.7884,2.0,3.0,5.0,8.0,10.5,16.0,13.0,19.0,6.0,9.0,0.0043,100K,2250.0,0.1655,0.8345,21.0,0.082,155.316,900.0,1500.0,745.6197,0.9485,0.5245,0.1025,-31.9159,-0.2055
ts12_nq,MNQ,0.5,0.35,1:0.35,sin ventaja,,0.5866,0.4494,0.0748,0.4758,-0.0102,0.9456,1.2756,-0.013,163.7205,-5.2085,12.8907,28.1752,2.0,3.0,6.0,9.0,7.0,10.0,10.0,14.0,7.0,10.0,0.0043,50K,1500.0,0.221,0.779,14.0,0.1765,92.8625,600.0,1000.0,451.3259,0.8245,0.485,0.084,6.8805,0.0741
ts12_nq,MNQ,0.5,0.35,1:0.35,sin ventaja,,0.5866,0.4494,0.0748,0.4758,-0.0102,0.9456,1.2756,-0.013,163.7205,-5.2085,12.8907,28.1752,2.0,3.0,6.0,9.0,7.0,10.0,10.0,14.0,7.0,10.0,0.0043,100K,2250.0,0.17,0.83,18.0,0.0985,146.9955,900.0,1500.0,716.6267,0.8805,0.5045,0.092,-25.169,-0.1712
ts12_nq,MNQ,0.5,0.5,1:0.50,sin ventaja,,0.5304,0.5793,0.0852,0.3355,-0.0101,0.9519,1.1439,-0.0116,200.9856,-4.6354,13.7197,25.9888,2.0,3.0,7.0,11.0,5.0,7.0,9.0,13.0,8.0,11.0,0.0043,50K,1500.0,0.2125,0.7875,13.0,0.1745,91.3325,400.0,1000.0,449.9089,0.8325,0.4865,0.0875,4.2731,0.0468
ts12_nq,MNQ,0.5,0.5,1:0.50,sin ventaja,,0.5304,0.5793,0.0852,0.3355,-0.0101,0.9519,1.1439,-0.0116,200.9856,-4.6354,13.7197,25.9888,2.0,3.0,7.0,11.0,5.0,7.0,9.0,13.0,8.0,11.0,0.0043,100K,2250.0,0.1645,0.8355,16.0,0.112,144.0285,900.0,1500.0,743.121,0.863,0.4985,0.095,-21.7851,-0.1513
hora_xau,MGC,0.35,0.08,1:0.08,in-sample,,0.9171,0.029,0.0545,0.9165,-0.0004,0.9936,5.684,-0.0025,41.646,-0.9857,14.2355,28.3736,2.0,3.0,3.0,4.0,62.0,94.1,63.0,94.1,5.0,8.0,0.0071,50K,1500.0,0.244,0.756,10.0,0.2305,87.04,600.0,2000.0,605.8938,0.64,0.355,0.072,60.7981,0.6985
hora_xau,MGC,0.35,0.08,1:0.08,in-sample,,0.9171,0.029,0.0545,0.9165,-0.0004,0.9936,5.684,-0.0025,41.646,-0.9857,14.2355,28.3736,2.0,3.0,3.0,4.0,62.0,94.1,63.0,94.1,5.0,8.0,0.0071,100K,2250.0,0.1875,0.8125,12.0,0.1645,133.9665,900.0,3000.0,933.8493,0.6545,0.356,0.0745,41.1302,0.307
hora_xau,MGC,0.35,0.1,1:0.10,in-sample,,0.8997,0.0361,0.0652,0.8986,0.0032,1.0395,5.4058,0.0172,50.6572,6.8628,12.0519,24.2375,2.0,3.0,3.0,4.0,51.0,73.0,52.0,73.0,6.0,9.0,0.0071,50K,1000.0,0.2855,0.7145,15.0,0.2055,97.665,600.0,2000.0,837.7395,0.87,0.422,0.119,141.5096,1.4489
hora_xau,MGC,0.35,0.1,1:0.10,in-sample,,0.8997,0.0361,0.0652,0.8986,0.0032,1.0395,5.4058,0.0172,50.6572,6.8628,12.0519,24.2375,2.0,3.0,3.0,4.0,51.0,73.0,52.0,73.0,6.0,9.0,0.0071,100K,2250.0,0.2205,0.7795,10.0,0.204,131.838,900.0,4500.0,1279.9328,0.6035,0.303,0.083,150.3872,1.1407
hora_xau,MGC,0.35,0.12,1:0.12,in-sample,,0.8805,0.045,0.0762,0.8787,0.0044,1.0468,5.134,0.0228,59.9157,9.116,12.7707,25.299,3.0,4.0,3.0,4.0,44.5,66.0,45.0,66.0,6.0,9.0,0.0071,50K,1000.0,0.295,0.705,14.0,0.2225,96.0925,600.0,2000.0,888.5121,0.908,0.42,0.126,166.0186,1.7277
hora_xau,MGC,0.35,0.12,1:0.12,in-sample,,0.8805,0.045,0.0762,0.8787,0.0044,1.0468,5.134,0.0228,59.9157,9.116,12.7707,25.299,3.0,4.0,3.0,4.0,44.5,66.0,45.0,66.0,6.0,9.0,0.0071,100K,2250.0,0.2245,0.7755,9.0,0.215,131.58,900.0,3000.0,1355.8634,0.9155,0.439,0.116,172.8113,1.3134
hora_xau,MGC,0.35,0.15,1:0.15,in-sample,,0.8565,0.0547,0.092,0.8533,0.0084,1.0737,4.8119,0.0403,72.1085,16.1346,12.0095,22.7392,3.0,4.0,3.0,5.0,37.0,52.0,38.0,55.0,6.5,9.0,0.0071,50K,1000.0,0.3645,0.6355,12.0,0.3175,91.5875,600.0,3000.0,1174.9284,0.822,0.3735,0.1165,336.6739,3.676
hora_xau,MGC,0.35,0.15,1:0.15,in-sample,,0.8565,0.0547,0.092,0.8533,0.0084,1.0737,4.8119,0.0403,72.1085,16.1346,12.0095,22.7392,3.0,4.0,3.0,5.0,37.0,52.0,38.0,55.0,6.5,9.0,0.0071,100K,1500.0,0.292,0.708,15.0,0.22,144.48,900.0,6000.0,1909.3949,0.676,0.3155,0.103,413.0633,2.859
hora_xau,MGC,0.35,0.2,1:0.20,in-sample,,0.8178,0.0731,0.1163,0.8106,0.014,1.0978,4.3485,0.0608,92.5682,24.2998,11.8861,24.6561,3.0,4.05,4.0,5.0,29.0,41.05,30.0,43.0,7.0,10.0,0.0071,50K,700.0,0.385,0.615,21.0,0.1825,118.9575,600.0,4000.0,1500.8526,0.794,0.356,0.124,458.8708,3.8574
hora_xau,MGC,0.35,0.2,1:0.20,in-sample,,0.8178,0.0731,0.1163,0.8106,0.014,1.0978,4.3485,0.0608,92.5682,24.2998,11.8861,24.6561,3.0,4.05,4.0,5.0,29.0,41.05,30.0,43.0,7.0,10.0,0.0071,100K,1050.0,0.3255,0.6745,26.0,0.1025,186.5985,900.0,6000.0,2239.9167,0.787,0.333,0.129,542.4944,2.9073
hora_xau,MGC,0.35,0.25,1:0.25,in-sample,Z08,0.7832,0.0927,0.1367,0.7706,0.0199,1.118,3.9492,0.0784,112.9895,31.3854,11.8384,22.1464,3.0,5.0,4.0,6.0,24.0,32.05,25.0,34.0,7.0,10.0,0.0071,50K,500.0,0.4745,0.522,37.0,0.07,184.9175,600.0,4000.0,1774.3667,0.9315,0.3705,0.167,657.0195,3.553
hora_xau,MGC,0.35,0.25,1:0.25,in-sample,Z08,0.7832,0.0927,0.1367,0.7706,0.0199,1.118,3.9492,0.0784,112.9895,31.3854,11.8384,22.1464,3.0,5.0,4.0,6.0,24.0,32.05,25.0,34.0,7.0,10.0,0.0071,100K,750.0,0.4065,0.58,45.0,0.0265,292.7655,900.0,6000.0,2730.4452,0.952,0.37,0.15,817.1605,2.7912
hora_xau,MGC,0.35,0.35,1:0.35,in-sample,,0.7271,0.1328,0.1684,0.6988,0.0343,1.1641,3.3688,0.1154,150.3882,46.1699,11.345,20.4583,4.0,5.0,5.0,7.0,17.0,25.0,19.0,28.0,6.0,9.0,0.0071,50K,300.0,0.611,0.368,52.0,0.0325,251.0475,600.0,4000.0,2467.1276,1.2795,0.4395,0.225,1256.3675,5.0045
hora_xau,MGC,0.35,0.35,1:0.35,in-sample,,0.7271,0.1328,0.1684,0.6988,0.0343,1.1641,3.3688,0.1154,150.3882,46.1699,11.345,20.4583,4.0,5.0,5.0,7.0,17.0,25.0,19.0,28.0,6.0,9.0,0.0071,100K,750.0,0.479,0.52,39.0,0.057,269.8035,900.0,6000.0,4029.0721,1.3855,0.4435,0.2395,1660.122,6.1531
hora_xau,MGC,0.35,0.5,1:0.50,in-sample,Z01,0.6546,0.1939,0.2114,0.5947,0.0418,1.1596,2.8023,0.117,201.6894,46.8185,12.5407,21.0897,4.0,6.0,6.0,8.0,11.0,15.05,14.0,21.0,7.0,10.05,0.0071,50K,300.0,0.556,0.4275,44.0,0.048,222.02,600.0,4000.0,2457.9456,1.2645,0.4235,0.226,1144.5977,5.1554
hora_xau,MGC,0.35,0.5,1:0.50,in-sample,Z01,0.6546,0.1939,0.2114,0.5947,0.0418,1.1596,2.8023,0.117,201.6894,46.8185,12.5407,21.0897,4.0,6.0,6.0,8.0,11.0,15.05,14.0,21.0,7.0,10.05,0.0071,100K,750.0,0.4495,0.5485,34.0,0.0795,242.907,900.0,6000.0,3778.8712,1.279,0.4275,0.2095,1455.6956,5.9928
hora_xau,MGC,0.5,0.08,1:0.08,in-sample,,0.9006,0.0627,0.0384,0.8989,0.0054,1.0868,4.8777,0.0263,68.8595,10.5154,8.0926,17.074,2.0,3.0,3.0,4.0,50.0,73.0,50.0,74.0,5.0,7.0,0.005,50K,1500.0,0.3145,0.6855,13.0,0.2635,91.29,600.0,2000.0,977.21,1.037,0.51,0.1445,216.0425,2.3666
hora_xau,MGC,0.5,0.08,1:0.08,in-sample,,0.9006,0.0627,0.0384,0.8989,0.0054,1.0868,4.8777,0.0263,68.8595,10.5154,8.0926,17.074,2.0,3.0,3.0,4.0,50.0,73.0,50.0,74.0,5.0,7.0,0.005,100K,2250.0,0.2525,0.7475,16.0,0.186,143.19,900.0,3000.0,1485.5587,1.0475,0.4915,0.1475,231.9136,1.6196
hora_xau,MGC,0.5,0.1,1:0.10,in-sample,,0.8773,0.0784,0.0472,0.8744,0.0071,1.0931,4.5221,0.032,84.1643,12.8187,8.9811,17.461,2.0,3.0,3.0,4.0,40.0,58.0,42.0,58.0,6.0,8.0,0.005,50K,1000.0,0.3625,0.6375,22.0,0.1555,120.53,600.0,2000.0,1137.9822,1.194,0.5325,0.182,291.9886,2.4225
hora_xau,MGC,0.5,0.1,1:0.10,in-sample,,0.8773,0.0784,0.0472,0.8744,0.0071,1.0931,4.5221,0.032,84.1643,12.8187,8.9811,17.461,2.0,3.0,3.0,4.0,40.0,58.0,42.0,58.0,6.0,8.0,0.005,100K,2250.0,0.258,0.742,13.0,0.2175,137.8365,900.0,3000.0,1753.1028,1.222,0.503,0.1935,314.464,2.2814
hora_xau,MGC,0.5,0.12,1:0.12,in-sample,,0.8583,0.0913,0.0548,0.8539,0.0107,1.1222,4.2215,0.0452,98.0416,18.0958,8.5113,17.0637,2.0,3.0,3.0,4.05,35.0,49.0,36.0,52.0,6.0,8.0,0.005,50K,700.0,0.4545,0.54,43.0,0.042,203.4475,600.0,2000.0,1433.1058,1.4835,0.601,0.2305,447.8991,2.2015
hora_xau,MGC,0.5,0.12,1:0.12,in-sample,,0.8583,0.0913,0.0548,0.8539,0.0107,1.1222,4.2215,0.0452,98.0416,18.0958,8.5113,17.0637,2.0,3.0,3.0,4.05,35.0,49.0,36.0,52.0,6.0,8.0,0.005,100K,1050.0,0.3815,0.605,49.0,0.011,313.2765,900.0,3000.0,2093.48,1.444,0.572,0.218,485.3861,1.5494
hora_xau,MGC,0.5,0.15,1:0.15,in-sample,,0.829,0.1136,0.0657,0.8206,0.0143,1.1359,3.8477,0.055,118.7124,21.9934,8.9302,16.7821,2.0,4.0,4.0,5.0,29.0,43.0,30.0,43.05,6.0,9.0,0.005,50K,700.0,0.465,0.53,39.0,0.0585,188.36,600.0,3000.0,1629.6651,1.15,0.504,0.185,569.4343,3.0231
hora_xau,MGC,0.5,0.15,1:0.15,in-sample,,0.829,0.1136,0.0657,0.8206,0.0143,1.1359,3.8477,0.055,118.7124,21.9934,8.9302,16.7821,2.0,4.0,4.0,5.0,29.0,43.0,30.0,43.05,6.0,9.0,0.005,100K,1050.0,0.374,0.614,47.0,0.02,289.7985,900.0,4500.0,2441.7849,1.1485,0.489,0.195,623.4291,2.1513
hora_xau,MGC,0.5,0.2,1:0.20,in-sample,,0.7861,0.1521,0.0803,0.7676,0.0222,1.1726,3.3411,0.0742,152.7488,29.6803,8.6198,14.4799,3.0,4.0,4.0,6.0,22.0,31.0,24.0,33.05,6.0,9.0,0.005,50K,500.0,0.568,0.4095,47.0,0.0355,229.925,600.0,3000.0,1959.478,1.3725,0.541,0.2415,883.0585,3.8406
hora_xau,MGC,0.5,0.2,1:0.20,in-sample,,0.7861,0.1521,0.0803,0.7676,0.0222,1.1726,3.3411,0.0742,152.7488,29.6803,8.6198,14.4799,3.0,4.0,4.0,6.0,22.0,31.0,24.0,33.05,6.0,9.0,0.005,100K,1050.0,0.4395,0.5535,39.0,0.0415,269.8035,900.0,4500.0,2966.5128,1.383,0.527,0.2425,1033.9789,3.8323
hora_xau,MGC,0.5,0.25,1:0.25,in-sample,Z05,0.7481,0.1872,0.0942,0.7186,0.0274,1.1812,2.9653,0.0812,185.4626,32.4794,8.5858,16.746,3.0,4.0,5.0,6.0,17.0,23.0,19.0,28.0,6.0,9.0,0.005,50K,500.0,0.561,0.425,44.0,0.0425,215.305,600.0,3000.0,2131.8605,1.48,0.5405,0.26,980.6688,4.5548
hora_xau,MGC,0.5,0.25,1:0.25,in-sample,Z05,0.7481,0.1872,0.0942,0.7186,0.0274,1.1812,2.9653,0.0812,185.4626,32.4794,8.5858,16.746,3.0,4.0,5.0,6.0,17.0,23.0,19.0,28.0,6.0,9.0,0.005,100K,1050.0,0.451,0.546,37.5,0.054,254.646,900.0,4500.0,3211.516,1.485,0.541,0.259,1193.7477,4.6879
hora_xau,MGC,0.5,0.35,1:0.35,in-sample,,0.6862,0.2585,0.1174,0.6241,0.0373,1.2008,2.4625,0.0918,244.474,36.7077,8.7364,16.7413,3.0,4.0,5.0,8.0,12.0,17.0,16.0,22.0,6.0,9.0,0.005,50K,500.0,0.5805,0.4165,39.0,0.074,196.9025,600.0,3000.0,2438.4962,1.6755,0.5705,0.289,1218.6445,6.1891
hora_xau,MGC,0.5,0.35,1:0.35,in-sample,,0.6862,0.2585,0.1174,0.6241,0.0373,1.2008,2.4625,0.0918,244.474,36.7077,8.7364,16.7413,3.0,4.0,5.0,8.0,12.0,17.0,16.0,22.0,6.0,9.0,0.005,100K,750.0,0.5365,0.3945,64.0,0.005,422.4105,900.0,4500.0,3534.8252,1.618,0.5255,0.278,1474.0232,3.4896
hora_xau,MGC,0.5,0.5,1:0.50,in-sample,,0.6306,0.3521,0.1398,0.508,0.055,1.2521,2.0297,0.1117,317.9591,44.6703,8.5749,14.6285,3.0,4.0,6.0,8.05,8.0,12.0,13.0,18.0,6.0,9.0,0.005,50K,500.0,0.6145,0.384,36.0,0.108,185.1725,600.0,3000.0,2857.7983,1.9385,0.597,0.3425,1570.9446,8.4837
hora_xau,MGC,0.5,0.5,1:0.50,in-sample,,0.6306,0.3521,0.1398,0.508,0.055,1.2521,2.0297,0.1117,317.9591,44.6703,8.5749,14.6285,3.0,4.0,6.0,8.05,8.0,12.0,13.0,18.0,6.0,9.0,0.005,100K,750.0,0.585,0.3675,58.0,0.012,396.546,900.0,6000.0,4520.1564,1.5795,0.5475,0.3,2247.7455,5.6683
hora_xau,MGC,0.35,0.08,1:0.08,mitad,,0.9114,0.0311,0.058,0.9109,-0.0052,0.9269,5.6367,-0.0295,43.0432,-11.806,19.4728,38.896,2.0,3.0,3.0,4.0,60.0,84.0,60.5,84.1,6.0,8.0,0.0071,50K,1500.0,0.207,0.793,10.0,0.198,86.7425,600.0,1000.0,387.8705,0.7215,0.4505,0.057,-6.4533,-0.0744
hora_xau,MGC,0.35,0.08,1:0.08,mitad,,0.9114,0.0311,0.058,0.9109,-0.0052,0.9269,5.6367,-0.0295,43.0432,-11.806,19.4728,38.896,2.0,3.0,3.0,4.0,60.0,84.0,60.5,84.1,6.0,8.0,0.0071,100K,2250.0,0.1465,0.8535,12.0,0.129,133.257,900.0,1500.0,640.5517,0.789,0.473,0.074,-39.4162,-0.2958
hora_xau,MGC,0.35,0.1,1:0.10,mitad,,0.8919,0.0385,0.0706,0.8909,-0.0044,0.95,5.3459,-0.0233,52.4596,-9.3096,20.5079,39.5709,3.0,3.0,3.0,4.0,49.0,69.0,50.0,70.05,6.0,9.0,0.0071,50K,1500.0,0.206,0.794,8.0,0.2005,85.765,600.0,2000.0,485.8997,0.5055,0.273,0.06,14.3303,0.1671
hora_xau,MGC,0.35,0.1,1:0.10,mitad,,0.8919,0.0385,0.0706,0.8909,-0.0044,0.95,5.3459,-0.0233,52.4596,-9.3096,20.5079,39.5709,3.0,3.0,3.0,4.0,49.0,69.0,50.0,70.05,6.0,9.0,0.0071,100K,2250.0,0.15,0.85,10.0,0.141,130.8705,900.0,3000.0,802.52,0.553,0.2975,0.069,-10.4925,-0.0802
hora_xau,MGC,0.35,0.12,1:0.12,mitad,,0.8732,0.0463,0.0824,0.8713,-0.0032,0.9686,5.0959,-0.0162,61.2424,-6.4983,17.9775,35.6713,3.0,3.0,3.0,4.0,42.0,60.05,43.0,61.0,7.0,10.0,0.0071,50K,1500.0,0.2295,0.7705,7.0,0.2275,85.3825,600.0,1000.0,533.8121,0.8815,0.5305,0.0795,37.1274,0.4348
hora_xau,MGC,0.35,0.12,1:0.12,mitad,,0.8732,0.0463,0.0824,0.8713,-0.0032,0.9686,5.0959,-0.0162,61.2424,-6.4983,17.9775,35.6713,3.0,3.0,3.0,4.0,42.0,60.05,43.0,61.0,7.0,10.0,0.0071,100K,2250.0,0.177,0.823,9.0,0.1665,131.322,900.0,3000.0,832.2301,0.562,0.3055,0.06,15.9827,0.1217
hora_xau,MGC,0.35,0.15,1:0.15,mitad,,0.8479,0.0574,0.0976,0.845,0.0003,1.0023,4.7503,0.0013,74.4018,0.5157,17.5995,32.4467,3.0,4.0,4.0,5.0,35.0,51.0,36.0,51.05,7.0,10.0,0.0071,50K,1500.0,0.262,0.738,7.0,0.261,85.255,600.0,2000.0,684.2285,0.683,0.356,0.0835,94.0129,1.1027
hora_xau,MGC,0.35,0.15,1:0.15,mitad,,0.8479,0.0574,0.0976,0.845,0.0003,1.0023,4.7503,0.0013,74.4018,0.5157,17.5995,32.4467,3.0,4.0,4.0,5.0,35.0,51.0,36.0,51.05,7.0,10.0,0.0071,100K,2250.0,0.204,0.796,8.0,0.2005,130.032,900.0,3000.0,1037.4875,0.6825,0.3505,0.0825,81.6154,0.6277
hora_xau,MGC,0.35,0.2,1:0.20,mitad,,0.8061,0.076,0.125,0.799,0.0012,1.0077,4.2755,0.005,95.6754,2.0142,18.2383,36.3424,3.0,5.0,4.0,6.0,27.0,36.05,28.0,39.0,7.0,11.0,0.0071,50K,1000.0,0.25,0.75,10.0,0.2255,88.1875,400.0,2000.0,747.4774,0.769,0.4,0.101,98.6818,1.119
hora_xau,MGC,0.35,0.2,1:0.20,mitad,,0.8061,0.076,0.125,0.799,0.0012,1.0077,4.2755,0.005,95.6754,2.0142,18.2383,36.3424,3.0,5.0,4.0,6.0,27.0,36.05,28.0,39.0,7.0,11.0,0.0071,100K,2250.0,0.2045,0.7955,7.0,0.202,129.5805,900.0,3000.0,1176.4113,0.7395,0.3705,0.094,110.9956,0.8566
hora_xau,MGC,0.35,0.25,1:0.25,mitad,Z08,0.769,0.0961,0.147,0.7569,0.0039,1.0218,3.889,0.0153,115.8786,6.1405,17.9173,35.8062,3.0,5.0,5.0,6.0,22.0,31.0,23.0,32.0,7.0,11.0,0.0071,50K,1000.0,0.282,0.718,9.0,0.265,87.465,400.0,2000.0,797.8816,0.8095,0.406,0.1055,137.5376,1.5725
hora_xau,MGC,0.35,0.25,1:0.25,mitad,Z08,0.769,0.0961,0.147,0.7569,0.0039,1.0218,3.889,0.0153,115.8786,6.1405,17.9173,35.8062,3.0,5.0,5.0,6.0,22.0,31.0,23.0,32.0,7.0,11.0,0.0071,100K,1500.0,0.2285,0.7715,12.0,0.195,136.6755,900.0,6000.0,1223.0211,0.426,0.21,0.0575,142.7848,1.0447
hora_xau,MGC,0.35,0.35,1:0.35,mitad,,0.7067,0.138,0.1839,0.6781,0.0086,1.0378,3.3141,0.0285,154.2316,11.3922,16.8843,37.5386,4.0,5.0,5.0,7.0,16.0,22.0,17.0,26.0,7.0,9.05,0.0071,50K,1000.0,0.2765,0.7235,9.0,0.2625,86.785,600.0,3000.0,1043.8001,0.696,0.325,0.0905,201.8257,2.3256
hora_xau,MGC,0.35,0.35,1:0.35,mitad,,0.7067,0.138,0.1839,0.6781,0.0086,1.0378,3.3141,0.0285,154.2316,11.3922,16.8843,37.5386,4.0,5.0,5.0,7.0,16.0,22.0,17.0,26.0,7.0,9.05,0.0071,100K,1500.0,0.229,0.771,11.0,0.2065,133.3215,900.0,6000.0,1615.3808,0.5575,0.259,0.084,236.6007,1.7747
hora_xau,MGC,0.35,0.5,1:0.50,mitad,Z01,0.6341,0.2003,0.2244,0.5752,0.015,1.0536,2.7756,0.0415,205.0613,16.6003,17.7214,37.8451,4.0,6.0,6.0,9.0,11.0,15.0,13.0,20.0,8.0,11.0,0.0071,50K,700.0,0.311,0.689,14.0,0.228,99.365,600.0,4000.0,1201.6769,0.6175,0.28,0.087,274.3565,2.7611
hora_xau,MGC,0.35,0.5,1:0.50,mitad,Z01,0.6341,0.2003,0.2244,0.5752,0.015,1.0536,2.7756,0.0415,205.0613,16.6003,17.7214,37.8451,4.0,6.0,6.0,9.0,11.0,15.0,13.0,20.0,8.0,11.0,0.0071,100K,1500.0,0.252,0.748,9.0,0.2335,132.354,900.0,6000.0,1721.6071,0.586,0.264,0.0815,301.491,2.2779
hora_xau,MGC,0.5,0.08,1:0.08,mitad,,0.892,0.0673,0.0424,0.8903,-0.0013,0.981,4.8149,-0.0062,71.25,-2.495,13.0407,25.7155,2.0,3.0,3.0,4.0,47.0,69.0,48.0,69.0,5.0,8.0,0.005,50K,1500.0,0.243,0.757,12.0,0.205,90.4825,600.0,2000.0,548.9117,0.583,0.3355,0.059,42.9031,0.4742
hora_xau,MGC,0.5,0.08,1:0.08,mitad,,0.892,0.0673,0.0424,0.8903,-0.0013,0.981,4.8149,-0.0062,71.25,-2.495,13.0407,25.7155,2.0,3.0,3.0,4.0,47.0,69.0,48.0,69.0,5.0,8.0,0.005,100K,2250.0,0.185,0.815,15.0,0.1405,139.836,900.0,3000.0,841.485,0.5935,0.3345,0.0655,15.8387,0.1133
hora_xau,MGC,0.5,0.1,1:0.10,mitad,,0.8692,0.0828,0.051,0.8662,0.0002,1.0026,4.4499,0.0009,87.0116,0.3757,11.7677,23.9142,2.0,3.0,3.0,5.0,38.0,56.05,39.0,59.05,6.0,9.0,0.005,50K,1500.0,0.27,0.73,11.0,0.243,88.9525,600.0,2000.0,660.8506,0.695,0.3715,0.087,89.4772,1.0059
hora_xau,MGC,0.5,0.1,1:0.10,mitad,,0.8692,0.0828,0.051,0.8662,0.0002,1.0026,4.4499,0.0009,87.0116,0.3757,11.7677,23.9142,2.0,3.0,3.0,5.0,38.0,56.05,39.0,59.05,6.0,9.0,0.005,100K,2250.0,0.2115,0.7885,14.0,0.1705,138.0945,900.0,3000.0,1023.6533,0.717,0.382,0.0905,78.4082,0.5678
hora_xau,MGC,0.5,0.12,1:0.12,mitad,,0.8479,0.097,0.0599,0.8431,0.002,1.0208,4.1595,0.0082,101.2015,3.2912,11.9659,25.036,2.0,3.0,3.0,5.0,33.0,45.1,34.0,49.0,6.0,10.0,0.005,50K,1500.0,0.2745,0.7255,10.0,0.2555,87.5075,600.0,2000.0,752.7697,0.7835,0.3925,0.0985,119.1278,1.3613
hora_xau,MGC,0.5,0.12,1:0.12,mitad,,0.8479,0.097,0.0599,0.8431,0.002,1.0208,4.1595,0.0082,101.2015,3.2912,11.9659,25.036,2.0,3.0,3.0,5.0,33.0,45.1,34.0,49.0,6.0,10.0,0.005,100K,2250.0,0.201,0.799,12.0,0.169,135.7725,900.0,3000.0,1120.9584,0.775,0.3835,0.108,89.5401,0.6595
hora_xau,MGC,0.5,0.15,1:0.15,mitad,,0.8182,0.1192,0.0713,0.8095,0.0048,1.0426,3.7736,0.0182,122.8495,7.272,11.9795,24.4948,2.0,4.0,4.0,5.0,27.0,39.0,29.0,41.05,6.0,10.0,0.005,50K,1500.0,0.273,0.727,9.0,0.2615,86.445,600.0,2000.0,902.0102,0.9225,0.438,0.1245,159.8038,1.8486
hora_xau,MGC,0.5,0.15,1:0.15,mitad,,0.8182,0.1192,0.0713,0.8095,0.0048,1.0426,3.7736,0.0182,122.8495,7.272,11.9795,24.4948,2.0,4.0,4.0,5.0,27.0,39.0,29.0,41.05,6.0,10.0,0.005,100K,2250.0,0.218,0.782,11.0,0.1955,133.902,900.0,3000.0,1334.4793,0.9085,0.4275,0.117,157.0145,1.1726
hora_xau,MGC,0.5,0.2,1:0.20,mitad,,0.7733,0.1551,0.089,0.7558,0.0089,1.0639,3.2838,0.0293,157.0334,11.7201,12.2866,22.722,3.0,4.0,4.0,6.0,20.0,28.05,22.0,31.05,7.0,11.0,0.005,50K,1500.0,0.289,0.711,8.0,0.275,86.4875,600.0,2000.0,1063.2001,1.0635,0.478,0.148,220.7773,2.5527
hora_xau,MGC,0.5,0.2,1:0.20,mitad,,0.7733,0.1551,0.089,0.7558,0.0089,1.0639,3.2838,0.0293,157.0334,11.7201,12.2866,22.722,3.0,4.0,4.0,6.0,20.0,28.05,22.0,31.05,7.0,11.0,0.005,100K,2250.0,0.2245,0.7755,10.0,0.2115,131.7735,900.0,4500.0,1542.1973,0.72,0.3445,0.1065,214.4498,1.6274
hora_xau,MGC,0.5,0.25,1:0.25,mitad,Z05,0.7317,0.1943,0.1036,0.7022,0.0103,1.0625,2.9219,0.03,189.7402,11.9994,12.545,25.3431,3.0,4.0,5.0,6.0,17.0,23.05,19.0,26.05,7.0,10.05,0.005,50K,1000.0,0.324,0.676,15.0,0.234,98.7275,600.0,3000.0,1066.727,0.7435,0.3485,0.106,246.8921,2.5007
hora_xau,MGC,0.5,0.25,1:0.25,mitad,Z05,0.7317,0.1943,0.1036,0.7022,0.0103,1.0625,2.9219,0.03,189.7402,11.9994,12.545,25.3431,3.0,4.0,5.0,6.0,17.0,23.05,19.0,26.05,7.0,10.05,0.005,100K,1500.0,0.27,0.73,19.0,0.154,156.1545,900.0,3000.0,1544.106,1.016,0.4445,0.1395,260.7541,1.6698
hora_xau,MGC,0.5,0.35,1:0.35,mitad,,0.6686,0.2655,0.1265,0.608,0.0172,1.0863,2.4367,0.042,248.5328,16.8091,12.0846,22.2835,3.0,4.0,6.0,8.0,11.0,16.0,14.0,21.0,7.0,10.0,0.005,50K,1000.0,0.3385,0.6615,13.0,0.2705,96.645,400.0,2000.0,1238.4757,1.208,0.5045,0.1835,322.579,3.3378
hora_xau,MGC,0.5,0.35,1:0.35,mitad,,0.6686,0.2655,0.1265,0.608,0.0172,1.0863,2.4367,0.042,248.5328,16.8091,12.0846,22.2835,3.0,4.0,6.0,8.0,11.0,16.0,14.0,21.0,7.0,10.0,0.005,100K,1500.0,0.282,0.718,16.0,0.1895,152.478,900.0,4500.0,1971.5923,0.9055,0.3805,0.1485,403.511,2.6464
hora_xau,MGC,0.5,0.5,1:0.50,mitad,,0.6015,0.3639,0.1542,0.4819,0.0198,1.0827,1.9986,0.0396,325.2013,15.826,13.4802,24.731,3.0,4.0,7.0,10.0,8.0,11.0,11.0,17.0,7.0,11.0,0.005,50K,1000.0,0.316,0.684,13.0,0.252,94.435,600.0,3000.0,1315.2645,0.894,0.3825,0.135,321.1886,3.4012
hora_xau,MGC,0.5,0.5,1:0.50,mitad,,0.6015,0.3639,0.1542,0.4819,0.0198,1.0827,1.9986,0.0396,325.2013,15.826,13.4802,24.731,3.0,4.0,7.0,10.0,8.0,11.0,11.0,17.0,7.0,11.0,0.005,100K,1500.0,0.255,0.745,16.0,0.1795,147.1245,900.0,4500.0,1821.2448,0.827,0.366,0.124,317.2929,2.1566
hora_xau,MGC,0.35,0.08,1:0.08,sin ventaja,,0.9062,0.0324,0.0618,0.9058,-0.0101,0.8667,5.5972,-0.0568,44.1788,-22.7217,27.8414,47.9272,2.0,3.0,3.0,4.0,57.0,82.0,57.0,82.0,6.0,9.0,0.0071,50K,1500.0,0.154,0.846,10.0,0.144,86.7,600.0,1000.0,290.0493,0.5465,0.358,0.0415,-42.0324,-0.4848
hora_xau,MGC,0.35,0.08,1:0.08,sin ventaja,,0.9062,0.0324,0.0618,0.9058,-0.0101,0.8667,5.5972,-0.0568,44.1788,-22.7217,27.8414,47.9272,2.0,3.0,3.0,4.0,57.0,82.0,57.0,82.0,6.0,9.0,0.0071,100K,2250.0,0.112,0.888,13.0,0.0955,133.515,900.0,1500.0,492.5512,0.6195,0.3935,0.0515,-78.3493,-0.5868
hora_xau,MGC,0.35,0.1,1:0.10,sin ventaja,,0.884,0.0409,0.076,0.883,-0.0117,0.8753,5.3142,-0.0621,53.3782,-24.8498,30.9657,51.091,3.0,4.0,3.0,5.0,48.0,67.0,48.5,68.05,7.0,10.0,0.0071,50K,1500.0,0.16,0.84,8.0,0.157,85.425,600.0,1000.0,281.9839,0.5155,0.371,0.032,-40.3076,-0.4718
hora_xau,MGC,0.35,0.1,1:0.10,sin ventaja,,0.884,0.0409,0.076,0.883,-0.0117,0.8753,5.3142,-0.0621,53.3782,-24.8498,30.9657,51.091,3.0,4.0,3.0,5.0,48.0,67.0,48.5,68.05,7.0,10.0,0.0071,100K,2250.0,0.111,0.889,11.0,0.1,131.064,900.0,1500.0,471.0886,0.5585,0.383,0.0385,-78.7732,-0.601
hora_xau,MGC,0.35,0.12,1:0.12,sin ventaja,,0.8635,0.0494,0.0888,0.8618,-0.012,0.8905,5.0551,-0.0605,62.7221,-24.2061,30.6493,52.3965,3.0,4.0,3.0,5.0,39.0,59.1,39.5,61.0,7.0,10.0,0.0071,50K,1500.0,0.1705,0.8295,7.0,0.166,85.595,600.0,1000.0,322.3776,0.563,0.3995,0.037,-30.6296,-0.3578
hora_xau,MGC,0.35,0.12,1:0.12,sin ventaja,,0.8635,0.0494,0.0888,0.8618,-0.012,0.8905,5.0551,-0.0605,62.7221,-24.2061,30.6493,52.3965,3.0,4.0,3.0,5.0,39.0,59.1,39.5,61.0,7.0,10.0,0.0071,100K,2250.0,0.1335,0.8665,9.0,0.127,130.3545,900.0,1500.0,502.7421,0.5775,0.405,0.038,-63.2384,-0.4851
hora_xau,MGC,0.35,0.15,1:0.15,sin ventaja,,0.8358,0.0604,0.1069,0.8327,-0.0123,0.9062,4.7029,-0.058,76.3532,-23.2002,31.3566,53.1214,3.0,4.0,4.0,5.0,32.0,46.05,33.0,46.05,8.0,12.0,0.0071,50K,1500.0,0.204,0.796,6.0,0.2005,85.34,600.0,2000.0,368.4609,0.3705,0.2305,0.034,-10.174,-0.1192
hora_xau,MGC,0.35,0.15,1:0.15,sin ventaja,,0.8358,0.0604,0.1069,0.8327,-0.0123,0.9062,4.7029,-0.058,76.3532,-23.2002,31.3566,53.1214,3.0,4.0,4.0,5.0,32.0,46.05,33.0,46.05,8.0,12.0,0.0071,100K,2250.0,0.1355,0.8645,7.0,0.134,129.774,900.0,1500.0,618.5548,0.6475,0.443,0.045,-45.9598,-0.3542
hora_xau,MGC,0.35,0.2,1:0.20,sin ventaja,,0.7943,0.0781,0.1342,0.7877,-0.0118,0.9281,4.2376,-0.05,97.5638,-20.0023,30.9016,56.8183,3.0,5.0,4.0,6.0,25.0,36.0,25.0,37.0,8.0,11.0,0.0071,50K,1500.0,0.2075,0.7925,6.0,0.206,85.2975,600.0,1000.0,458.2687,0.6625,0.4215,0.061,9.7933,0.1148
hora_xau,MGC,0.35,0.2,1:0.20,sin ventaja,,0.7943,0.0781,0.1342,0.7877,-0.0118,0.9281,4.2376,-0.05,97.5638,-20.0023,30.9016,56.8183,3.0,5.0,4.0,6.0,25.0,36.0,25.0,37.0,8.0,11.0,0.0071,100K,2250.0,0.1615,0.8385,7.0,0.1605,129.3225,900.0,1500.0,697.2177,0.654,0.4205,0.055,-16.7218,-0.1293
hora_xau,MGC,0.35,0.25,1:0.25,sin ventaja,Z08,0.7537,0.1003,0.1574,0.7423,-0.0128,0.9339,3.8413,-0.0493,118.7472,-19.7251,29.7296,55.471,4.0,5.0,5.0,7.0,20.0,29.0,22.0,30.05,8.0,11.0,0.0071,50K,1000.0,0.184,0.816,9.0,0.174,87.04,600.0,1000.0,430.3692,0.601,0.399,0.0505,-7.8521,-0.0902
hora_xau,MGC,0.35,0.25,1:0.25,sin ventaja,Z08,0.7537,0.1003,0.1574,0.7423,-0.0128,0.9339,3.8413,-0.0493,118.7472,-19.7251,29.7296,55.471,4.0,5.0,5.0,7.0,20.0,29.0,22.0,30.05,8.0,11.0,0.0071,100K,2250.0,0.139,0.861,6.0,0.138,129.387,900.0,3000.0,701.616,0.4425,0.284,0.0385,-31.8624,-0.2463
hora_xau,MGC,0.35,0.35,1:0.35,sin ventaja,,0.6899,0.1423,0.1956,0.6621,-0.0103,0.9572,3.2907,-0.0339,156.496,-13.5629,27.4624,53.9276,4.0,5.0,6.0,8.0,15.0,21.0,16.0,23.0,7.0,11.0,0.0071,50K,1000.0,0.2115,0.7885,9.0,0.2045,86.7425,600.0,1000.0,519.8661,0.6625,0.439,0.0545,23.2092,0.2676
hora_xau,MGC,0.35,0.35,1:0.35,sin ventaja,,0.6899,0.1423,0.1956,0.6621,-0.0103,0.9572,3.2907,-0.0339,156.496,-13.5629,27.4624,53.9276,4.0,5.0,6.0,8.0,15.0,21.0,16.0,23.0,7.0,11.0,0.0071,100K,2250.0,0.1695,0.8305,6.0,0.165,129.5805,900.0,3000.0,766.7327,0.4605,0.2695,0.0475,0.3807,0.0029
hora_xau,MGC,0.35,0.5,1:0.50,sin ventaja,Z01,0.616,0.1998,0.2417,0.5585,-0.0117,0.9606,2.753,-0.0322,207.1429,-12.867,28.3397,56.9714,4.0,6.0,7.0,9.0,10.0,15.0,13.0,18.05,8.0,12.0,0.0071,50K,1000.0,0.1935,0.8065,8.0,0.1865,86.8275,600.0,2000.0,560.0777,0.4965,0.297,0.0485,21.5475,0.2482
hora_xau,MGC,0.35,0.5,1:0.50,sin ventaja,Z01,0.616,0.1998,0.2417,0.5585,-0.0117,0.9606,2.753,-0.0322,207.1429,-12.867,28.3397,56.9714,4.0,6.0,7.0,9.0,10.0,15.0,13.0,18.05,8.0,12.0,0.0071,100K,1500.0,0.1555,0.8445,10.0,0.1465,131.838,900.0,3000.0,848.7633,0.4965,0.3065,0.0455,0.1447,0.0011
hora_xau,MGC,0.5,0.08,1:0.08,sin ventaja,,0.8845,0.0701,0.047,0.8829,-0.0083,0.889,4.7586,-0.0394,73.2318,-15.7384,21.6837,36.7653,2.0,3.0,3.0,4.0,44.0,63.0,45.0,64.05,6.0,8.0,0.005,50K,1500.0,0.171,0.829,12.0,0.156,89.675,600.0,1000.0,308.47,0.589,0.383,0.0475,-36.9266,-0.4118
hora_xau,MGC,0.5,0.08,1:0.08,sin ventaja,,0.8845,0.0701,0.047,0.8829,-0.0083,0.889,4.7586,-0.0394,73.2318,-15.7384,21.6837,36.7653,2.0,3.0,3.0,4.0,44.0,63.0,45.0,64.05,6.0,8.0,0.005,100K,2250.0,0.118,0.882,13.0,0.0945,136.9335,900.0,1500.0,494.9232,0.637,0.406,0.0605,-78.5326,-0.5735
hora_xau,MGC,0.5,0.1,1:0.10,sin ventaja,,0.8606,0.0859,0.0565,0.8575,-0.0081,0.9093,4.389,-0.0357,89.675,-14.2819,20.5728,37.7011,2.0,3.0,3.0,5.0,37.0,53.05,38.0,56.1,6.0,9.0,0.005,50K,1500.0,0.202,0.798,10.0,0.1845,88.1025,600.0,1000.0,355.5569,0.6615,0.4345,0.0495,-16.28,-0.1848
hora_xau,MGC,0.5,0.1,1:0.10,sin ventaja,,0.8606,0.0859,0.0565,0.8575,-0.0081,0.9093,4.389,-0.0357,89.675,-14.2819,20.5728,37.7011,2.0,3.0,3.0,5.0,37.0,53.05,38.0,56.1,6.0,9.0,0.005,100K,2250.0,0.1485,0.8515,13.0,0.1215,135.579,900.0,1500.0,544.8382,0.675,0.422,0.0605,-54.6705,-0.4032
hora_xau,MGC,0.5,0.12,1:0.12,sin ventaja,,0.8369,0.1011,0.0666,0.8323,-0.0085,0.9189,4.0899,-0.0346,104.8648,-13.8382,20.78,39.8011,2.0,3.0,4.0,5.0,31.0,44.05,32.0,46.0,7.0,10.0,0.005,50K,1500.0,0.178,0.822,9.0,0.168,86.955,600.0,1000.0,400.3385,0.7135,0.439,0.068,-15.6947,-0.1805
hora_xau,MGC,0.5,0.12,1:0.12,sin ventaja,,0.8369,0.1011,0.0666,0.8323,-0.0085,0.9189,4.0899,-0.0346,104.8648,-13.8382,20.78,39.8011,2.0,3.0,4.0,5.0,31.0,44.05,32.0,46.0,7.0,10.0,0.005,100K,2250.0,0.134,0.866,11.0,0.118,133.128,900.0,1500.0,604.8436,0.7275,0.458,0.064,-52.079,-0.3912
hora_xau,MGC,0.5,0.15,1:0.15,sin ventaja,,0.8049,0.126,0.0775,0.7965,-0.0065,0.9466,3.7107,-0.0243,126.9187,-9.7025,20.2413,37.7336,2.0,3.0,4.0,5.0,25.0,37.05,26.0,38.0,7.0,10.0,0.005,50K,1500.0,0.2135,0.7865,9.0,0.2015,86.6575,600.0,1000.0,472.3226,0.7965,0.4825,0.073,14.1834,0.1637
hora_xau,MGC,0.5,0.15,1:0.15,sin ventaja,,0.8049,0.126,0.0775,0.7965,-0.0065,0.9466,3.7107,-0.0243,126.9187,-9.7025,20.2413,37.7336,2.0,3.0,4.0,5.0,25.0,37.05,26.0,38.0,7.0,10.0,0.005,100K,2250.0,0.1625,0.8375,11.0,0.1435,132.999,900.0,1500.0,695.3851,0.7925,0.497,0.067,-19.9989,-0.1504
hora_xau,MGC,0.5,0.2,1:0.20,sin ventaja,,0.7547,0.1631,0.099,0.7379,-0.0092,0.9404,3.2181,-0.0296,162.6224,-11.8376,21.2595,43.1313,3.0,4.0,4.0,6.05,19.0,27.0,20.0,29.0,7.5,11.0,0.005,50K,1500.0,0.1995,0.8005,8.0,0.197,85.9775,600.0,1000.0,453.5538,0.7435,0.4805,0.059,4.5065,0.0524
hora_xau,MGC,0.5,0.2,1:0.20,sin ventaja,,0.7547,0.1631,0.099,0.7379,-0.0092,0.9404,3.2181,-0.0296,162.6224,-11.8376,21.2595,43.1313,3.0,4.0,4.0,6.05,19.0,27.0,20.0,29.0,7.5,11.0,0.005,100K,2250.0,0.153,0.847,10.0,0.144,131.838,900.0,3000.0,663.0904,0.4455,0.269,0.0465,-30.3852,-0.2305
hora_xau,MGC,0.5,0.25,1:0.25,sin ventaja,Z05,0.713,0.1995,0.1166,0.6839,-0.01,0.9445,2.8753,-0.0288,194.8155,-11.4996,21.9054,40.8624,3.0,4.0,5.0,7.0,15.0,22.0,17.0,26.0,7.0,11.05,0.005,50K,1500.0,0.227,0.773,8.0,0.2205,86.02,600.0,1000.0,505.0702,0.786,0.487,0.0735,28.6309,0.3328
hora_xau,MGC,0.5,0.25,1:0.25,sin ventaja,Z05,0.713,0.1995,0.1166,0.6839,-0.01,0.9445,2.8753,-0.0288,194.8155,-11.4996,21.9054,40.8624,3.0,4.0,5.0,7.0,15.0,22.0,17.0,26.0,7.0,11.05,0.005,100K,2250.0,0.182,0.818,9.0,0.174,131.064,900.0,3000.0,790.7058,0.523,0.2895,0.06,12.8445,0.098
hora_xau,MGC,0.5,0.35,1:0.35,sin ventaja,,0.6481,0.2729,0.1387,0.5884,-0.0066,0.9693,2.3936,-0.0159,254.8456,-6.3633,20.2351,38.0585,3.0,4.0,6.0,9.0,11.0,16.0,14.0,19.0,7.0,11.0,0.005,50K,1000.0,0.2315,0.7685,13.0,0.1785,94.945,600.0,2000.0,602.9765,0.587,0.328,0.065,44.6441,0.4702
hora_xau,MGC,0.5,0.35,1:0.35,sin ventaja,,0.6481,0.2729,0.1387,0.5884,-0.0066,0.9693,2.3936,-0.0159,254.8456,-6.3633,20.2351,38.0585,3.0,4.0,6.0,9.0,11.0,16.0,14.0,19.0,7.0,11.0,0.005,100K,2250.0,0.1845,0.8155,9.0,0.1765,131.451,900.0,3000.0,835.7466,0.5495,0.327,0.049,22.7442,0.173
hora_xau,MGC,0.5,0.5,1:0.50,sin ventaja,,0.5788,0.3709,0.1659,0.4632,-0.0078,0.9696,1.9734,-0.0155,330.3568,-6.18,20.074,42.3984,3.0,5.0,7.0,9.0,7.0,10.0,11.0,15.0,8.0,12.0,0.005,50K,1500.0,0.2155,0.7845,7.0,0.2065,86.4875,600.0,2000.0,586.0424,0.563,0.3155,0.062,39.8046,0.4602
hora_xau,MGC,0.5,0.5,1:0.50,sin ventaja,,0.5788,0.3709,0.1659,0.4632,-0.0078,0.9696,1.9734,-0.0155,330.3568,-6.18,20.074,42.3984,3.0,5.0,7.0,9.0,7.0,10.0,11.0,15.0,8.0,12.0,0.005,100K,2250.0,0.1835,0.8165,8.0,0.1735,131.3865,900.0,3000.0,942.3688,0.602,0.329,0.0665,41.5382,0.3162
ts12_es,MES,0.35,0.08,1:0.08,in-sample,,0.9013,0.0526,0.0467,0.9006,-0.0147,0.791,2.0403,-0.0299,30.9298,-11.9689,15.1286,26.3399,2.0,3.0,2.0,3.05,44.0,67.0,44.0,69.1,3.0,5.0,0.0184,50K,1500.0,0.1205,0.8795,28.0,0.0325,116.62,600.0,1000.0,178.3652,0.3795,0.2505,0.0285,-95.127,-0.8157
ts12_es,MES,0.35,0.08,1:0.08,in-sample,,0.9013,0.0526,0.0467,0.9006,-0.0147,0.791,2.0403,-0.0299,30.9298,-11.9689,15.1286,26.3399,2.0,3.0,2.0,3.05,44.0,67.0,44.0,69.1,3.0,5.0,0.0184,100K,2250.0,0.0735,0.9265,34.0,0.003,177.375,900.0,1500.0,293.5462,0.4155,0.2725,0.034,-155.7994,-0.8784
ts12_es,MES,0.35,0.1,1:0.10,in-sample,,0.8796,0.0655,0.0564,0.8781,-0.0136,0.8404,1.9836,-0.027,37.4867,-10.7997,14.7933,26.8882,2.0,3.0,3.0,4.0,36.0,56.0,37.0,57.1,4.0,5.0,0.0184,50K,1500.0,0.145,0.855,21.0,0.0665,106.9725,600.0,1000.0,270.0399,0.5645,0.352,0.0475,-67.8167,-0.634
ts12_es,MES,0.35,0.1,1:0.10,in-sample,,0.8796,0.0655,0.0564,0.8781,-0.0136,0.8404,1.9836,-0.027,37.4867,-10.7997,14.7933,26.8882,2.0,3.0,3.0,4.0,36.0,56.0,37.0,57.1,4.0,5.0,0.0184,100K,2250.0,0.0975,0.9025,29.0,0.0205,164.217,900.0,1500.0,442.0253,0.614,0.348,0.066,-121.1195,-0.7376
ts12_es,MES,0.35,0.12,1:0.12,in-sample,,0.861,0.0782,0.0634,0.8584,-0.0102,0.8954,1.9331,-0.0197,43.4546,-7.8837,13.5943,24.4755,2.0,3.0,3.0,4.0,32.0,50.0,33.0,50.0,4.0,6.0,0.0184,50K,1500.0,0.175,0.825,18.0,0.105,101.9575,600.0,1000.0,346.8044,0.7065,0.4215,0.064,-41.2667,-0.4047
ts12_es,MES,0.35,0.12,1:0.12,in-sample,,0.861,0.0782,0.0634,0.8584,-0.0102,0.8954,1.9331,-0.0197,43.4546,-7.8837,13.5943,24.4755,2.0,3.0,3.0,4.0,32.0,50.0,33.0,50.0,4.0,6.0,0.0184,100K,2250.0,0.124,0.876,23.0,0.0465,156.606,900.0,1500.0,546.2111,0.7465,0.4455,0.0665,-88.8758,-0.5675
ts12_es,MES,0.35,0.15,1:0.15,in-sample,,0.8294,0.0988,0.0771,0.8241,-0.0092,0.9221,1.862,-0.0171,52.5262,-6.8439,12.6907,26.0444,2.0,4.0,3.0,5.0,27.0,41.0,27.0,41.05,5.0,6.05,0.0184,50K,1500.0,0.2125,0.7875,15.0,0.1505,97.2825,600.0,1000.0,400.2576,0.7775,0.454,0.081,-12.2278,-0.1257
ts12_es,MES,0.35,0.15,1:0.15,in-sample,,0.8294,0.0988,0.0771,0.8241,-0.0092,0.9221,1.862,-0.0171,52.5262,-6.8439,12.6907,26.0444,2.0,4.0,3.0,5.0,27.0,41.0,27.0,41.05,5.0,6.05,0.0184,100K,2250.0,0.141,0.859,21.5,0.067,151.317,900.0,1500.0,646.4862,0.8425,0.482,0.0945,-60.1624,-0.3976
ts12_es,MES,0.35,0.2,1:0.20,in-sample,,0.7839,0.1324,0.0944,0.7732,-0.0051,0.9652,1.755,-0.0089,66.9713,-3.5723,13.2618,25.4059,2.0,4.0,4.0,5.0,20.0,30.05,21.0,32.0,5.0,8.0,0.0184,50K,1500.0,0.223,0.777,13.0,0.192,90.78,600.0,2000.0,517.7486,0.5445,0.3045,0.06,24.6779,0.2718
ts12_es,MES,0.35,0.2,1:0.20,in-sample,,0.7839,0.1324,0.0944,0.7732,-0.0051,0.9652,1.755,-0.0089,66.9713,-3.5723,13.2618,25.4059,2.0,4.0,4.0,5.0,20.0,30.05,21.0,32.0,5.0,8.0,0.0184,100K,2250.0,0.1805,0.8195,16.0,0.1305,139.707,900.0,3000.0,758.4573,0.5315,0.3045,0.054,-2.8054,-0.0201
ts12_es,MES,0.35,0.25,1:0.25,in-sample,S02,0.7451,0.1675,0.1076,0.7248,0.0021,1.0123,1.6654,0.0034,80.3735,1.3677,11.7089,25.2211,3.0,4.0,4.0,6.0,16.0,24.0,18.0,28.0,5.0,8.0,0.0184,50K,1500.0,0.2725,0.7275,10.0,0.248,88.485,600.0,2000.0,747.9359,0.7735,0.393,0.101,115.3275,1.3034
ts12_es,MES,0.35,0.25,1:0.25,in-sample,S02,0.7451,0.1675,0.1076,0.7248,0.0021,1.0123,1.6654,0.0034,80.3735,1.3677,11.7089,25.2211,3.0,4.0,4.0,6.0,16.0,24.0,18.0,28.0,5.0,8.0,0.0184,100K,2250.0,0.2075,0.7925,13.0,0.1675,138.159,900.0,3000.0,1082.27,0.7495,0.3915,0.088,86.412,0.6255
ts12_es,MES,0.35,0.35,1:0.35,in-sample,,0.6745,0.2374,0.1334,0.6292,0.003,1.0143,1.5104,0.0046,105.8074,1.8205,13.1859,25.2432,3.0,4.0,5.0,7.0,12.0,18.0,14.0,20.05,6.0,9.0,0.0184,50K,1500.0,0.2765,0.7235,9.0,0.2605,87.2525,600.0,2000.0,724.1353,0.7335,0.384,0.085,112.9709,1.2948
ts12_es,MES,0.35,0.35,1:0.35,in-sample,,0.6745,0.2374,0.1334,0.6292,0.003,1.0143,1.5104,0.0046,105.8074,1.8205,13.1859,25.2432,3.0,4.0,5.0,7.0,12.0,18.0,14.0,20.05,6.0,9.0,0.0184,100K,2250.0,0.211,0.789,11.0,0.1835,134.547,900.0,3000.0,1096.0095,0.74,0.3775,0.0895,96.711,0.7188
ts12_es,MES,0.35,0.5,1:0.50,in-sample,,0.5974,0.3367,0.163,0.5003,0.0014,1.0053,1.3522,0.0018,138.0037,0.7312,14.6117,29.6691,3.0,4.0,6.0,9.0,8.0,11.0,11.0,16.0,7.0,10.0,0.0184,50K,1500.0,0.2545,0.7455,8.0,0.246,86.3175,600.0,2000.0,709.6501,0.6945,0.364,0.0855,94.2885,1.0923
ts12_es,MES,0.35,0.5,1:0.50,in-sample,,0.5974,0.3367,0.163,0.5003,0.0014,1.0053,1.3522,0.0018,138.0037,0.7312,14.6117,29.6691,3.0,4.0,6.0,9.0,8.0,11.0,11.0,16.0,7.0,10.0,0.0184,100K,2250.0,0.206,0.794,10.0,0.191,131.967,900.0,3000.0,1105.5276,0.7165,0.3665,0.0815,95.7717,0.7257
ts12_es,MES,0.35,0.08,1:0.08,mitad,,0.8913,0.0581,0.0512,0.8907,-0.0227,0.7074,2.0202,-0.0459,32.7966,-18.3481,20.3781,31.2262,2.0,3.0,3.0,3.05,41.0,62.05,41.0,62.05,4.0,5.0,0.0184,50K,1500.0,0.058,0.942,29.0,0.014,108.715,600.0,0.0,128.8656,0.754,0.5645,0.04,-101.2408,-0.9312
ts12_es,MES,0.35,0.08,1:0.08,mitad,,0.8913,0.0581,0.0512,0.8907,-0.0227,0.7074,2.0202,-0.0459,32.7966,-18.3481,20.3781,31.2262,2.0,3.0,3.0,3.05,41.0,62.05,41.0,62.05,4.0,5.0,0.0184,100K,2250.0,0.034,0.966,37.0,0.0015,162.927,900.0,1500.0,182.8572,0.259,0.179,0.015,-156.7099,-0.9618
ts12_es,MES,0.35,0.1,1:0.10,mitad,,0.8679,0.0725,0.0612,0.8663,-0.0225,0.7591,1.9631,-0.0441,39.7596,-17.6286,20.7934,33.6299,2.0,3.0,3.0,4.0,33.0,50.05,34.0,50.05,4.0,5.0,0.0184,50K,1500.0,0.0965,0.9035,24.0,0.036,103.105,600.0,1000.0,165.8716,0.3475,0.233,0.0265,-87.0984,-0.8448
ts12_es,MES,0.35,0.1,1:0.10,mitad,,0.8679,0.0725,0.0612,0.8663,-0.0225,0.7591,1.9631,-0.0441,39.7596,-17.6286,20.7934,33.6299,2.0,3.0,3.0,4.0,33.0,50.05,34.0,50.05,4.0,5.0,0.0184,100K,2250.0,0.06,0.94,31.0,0.0115,157.9605,900.0,1500.0,273.8047,0.3815,0.2535,0.026,-141.5322,-0.896
ts12_es,MES,0.35,0.12,1:0.12,mitad,,0.8487,0.0844,0.0697,0.846,-0.0196,0.8143,1.9229,-0.0378,45.2464,-15.0974,18.9126,33.0891,2.0,3.0,3.0,4.0,30.0,45.0,30.0,45.0,4.0,6.0,0.0184,50K,1500.0,0.127,0.873,18.0,0.0795,98.26,600.0,1000.0,244.7403,0.501,0.337,0.0385,-67.178,-0.6837
ts12_es,MES,0.35,0.12,1:0.12,mitad,,0.8487,0.0844,0.0697,0.846,-0.0196,0.8143,1.9229,-0.0378,45.2464,-15.0974,18.9126,33.0891,2.0,3.0,3.0,4.0,30.0,45.0,30.0,45.0,4.0,6.0,0.0184,100K,2250.0,0.0875,0.9125,25.0,0.028,154.0905,900.0,1500.0,384.9441,0.5265,0.3335,0.048,-120.4079,-0.7814
ts12_es,MES,0.35,0.15,1:0.15,mitad,,0.8183,0.1049,0.0818,0.8134,-0.0177,0.8581,1.8433,-0.0327,55.0388,-13.0803,18.3704,32.2035,2.0,3.0,3.0,5.0,25.0,39.0,26.0,42.0,5.0,7.0,0.0184,50K,1500.0,0.1615,0.8385,16.0,0.119,94.52,600.0,1000.0,335.675,0.6595,0.403,0.0615,-40.3085,-0.4265
ts12_es,MES,0.35,0.15,1:0.15,mitad,,0.8183,0.1049,0.0818,0.8134,-0.0177,0.8581,1.8433,-0.0327,55.0388,-13.0803,18.3704,32.2035,2.0,3.0,3.0,5.0,25.0,39.0,26.0,42.0,5.0,7.0,0.0184,100K,2250.0,0.1105,0.8895,19.0,0.06,146.286,900.0,1500.0,509.9084,0.6675,0.408,0.0585,-89.9411,-0.6148
ts12_es,MES,0.35,0.2,1:0.20,mitad,,0.7693,0.1409,0.1009,0.7582,-0.0168,0.8916,1.7327,-0.0292,69.6805,-11.6617,18.2951,31.2751,2.0,4.0,4.0,6.0,19.0,27.0,20.0,29.0,5.0,8.0,0.0184,50K,1500.0,0.1885,0.8115,13.0,0.1625,90.0575,600.0,1000.0,359.541,0.669,0.422,0.058,-22.284,-0.2474
ts12_es,MES,0.35,0.2,1:0.20,mitad,,0.7693,0.1409,0.1009,0.7582,-0.0168,0.8916,1.7327,-0.0292,69.6805,-11.6617,18.2951,31.2751,2.0,4.0,4.0,6.0,19.0,27.0,20.0,29.0,5.0,8.0,0.0184,100K,2250.0,0.135,0.865,16.0,0.096,138.933,900.0,1500.0,535.9146,0.6755,0.4235,0.0615,-66.5845,-0.4793
ts12_es,MES,0.35,0.25,1:0.25,mitad,S02,0.7278,0.1754,0.1171,0.7074,-0.0157,0.9136,1.6461,-0.0258,83.2261,-10.2998,18.1525,33.4593,3.0,4.0,4.0,6.0,15.5,22.05,17.0,25.0,6.0,9.0,0.0184,50K,1500.0,0.2115,0.7885,10.0,0.1965,88.145,600.0,1000.0,428.7349,0.746,0.4705,0.0655,2.5324,0.0287
ts12_es,MES,0.35,0.25,1:0.25,mitad,S02,0.7278,0.1754,0.1171,0.7074,-0.0157,0.9136,1.6461,-0.0258,83.2261,-10.2998,18.1525,33.4593,3.0,4.0,4.0,6.0,15.5,22.05,17.0,25.0,6.0,9.0,0.0184,100K,2250.0,0.161,0.839,13.0,0.1285,136.5465,900.0,1500.0,648.6782,0.7805,0.4665,0.0785,-32.1093,-0.2352
ts12_es,MES,0.35,0.35,1:0.35,mitad,,0.6573,0.2462,0.1427,0.6111,-0.0144,0.9353,1.497,-0.0215,108.4325,-8.6202,17.4058,35.2502,3.0,4.0,5.0,7.05,11.0,16.0,13.0,18.05,7.0,10.0,0.0184,50K,1500.0,0.2395,0.7605,9.0,0.2245,87.635,600.0,1000.0,484.2568,0.814,0.491,0.083,28.3445,0.3234
ts12_es,MES,0.35,0.35,1:0.35,mitad,,0.6573,0.2462,0.1427,0.6111,-0.0144,0.9353,1.497,-0.0215,108.4325,-8.6202,17.4058,35.2502,3.0,4.0,5.0,7.05,11.0,16.0,13.0,18.05,7.0,10.0,0.0184,100K,2250.0,0.18,0.82,11.0,0.157,134.418,900.0,1500.0,740.1775,0.8255,0.5075,0.0845,-1.186,-0.0088
ts12_es,MES,0.35,0.5,1:0.50,mitad,,0.5846,0.3408,0.1711,0.4881,-0.0144,0.9458,1.3472,-0.0194,139.4177,-7.7582,18.7927,35.9893,3.0,5.0,6.0,9.0,8.0,11.0,10.0,15.0,7.0,10.05,0.0184,50K,1500.0,0.2115,0.7885,8.0,0.2055,86.2325,600.0,1000.0,496.7307,0.7605,0.4725,0.071,18.826,0.2183
ts12_es,MES,0.35,0.5,1:0.50,mitad,,0.5846,0.3408,0.1711,0.4881,-0.0144,0.9458,1.3472,-0.0194,139.4177,-7.7582,18.7927,35.9893,3.0,5.0,6.0,9.0,8.0,11.0,10.0,15.0,7.0,10.05,0.0184,100K,2250.0,0.1705,0.8295,10.0,0.159,131.322,900.0,3000.0,828.7282,0.54,0.297,0.0555,9.9762,0.076
ts12_es,MES,0.35,0.08,1:0.08,sin ventaja,,0.8837,0.0605,0.0565,0.883,-0.0297,0.6467,2.0099,-0.0598,34.3641,-23.9137,26.1449,37.1191,2.0,3.0,3.0,4.0,38.0,57.05,38.0,58.0,4.0,6.0,0.0184,50K,1500.0,0.0435,0.9565,25.0,0.015,104.3375,600.0,0.0,103.2811,0.636,0.499,0.0235,-99.8448,-0.9569
ts12_es,MES,0.35,0.08,1:0.08,sin ventaja,,0.8837,0.0605,0.0565,0.883,-0.0297,0.6467,2.0099,-0.0598,34.3641,-23.9137,26.1449,37.1191,2.0,3.0,3.0,4.0,38.0,57.05,38.0,58.0,4.0,6.0,0.0184,100K,2250.0,0.028,0.972,34.0,0.001,156.864,900.0,0.0,153.3576,0.693,0.5525,0.0255,-152.57,-0.9726
ts12_es,MES,0.35,0.1,1:0.10,sin ventaja,,0.8595,0.0763,0.0654,0.8583,-0.0298,0.7018,1.9448,-0.0579,41.6725,-23.1719,25.4177,40.5233,2.0,3.0,3.0,4.0,31.0,48.05,32.0,48.05,4.0,6.0,0.0184,50K,1500.0,0.064,0.936,23.5,0.026,100.64,600.0,0.0,137.3719,0.673,0.5155,0.033,-91.8482,-0.9126
ts12_es,MES,0.35,0.1,1:0.10,sin ventaja,,0.8595,0.0763,0.0654,0.8583,-0.0298,0.7018,1.9448,-0.0579,41.6725,-23.1719,25.4177,40.5233,2.0,3.0,3.0,4.0,31.0,48.05,32.0,48.05,4.0,6.0,0.0184,100K,2250.0,0.04,0.96,28.0,0.0075,153.123,900.0,1500.0,189.976,0.266,0.1925,0.014,-145.524,-0.9504
ts12_es,MES,0.35,0.12,1:0.12,sin ventaja,,0.8379,0.0885,0.0759,0.8356,-0.0294,0.743,1.894,-0.0557,48.0511,-22.2846,24.6723,38.8194,2.0,3.0,3.0,5.0,28.0,42.0,28.0,43.05,4.0,7.0,0.0184,50K,1500.0,0.0935,0.9065,19.0,0.0555,95.88,600.0,1000.0,171.9886,0.353,0.2375,0.028,-79.7991,-0.8323
ts12_es,MES,0.35,0.12,1:0.12,sin ventaja,,0.8379,0.0885,0.0759,0.8356,-0.0294,0.743,1.894,-0.0557,48.0511,-22.2846,24.6723,38.8194,2.0,3.0,3.0,5.0,28.0,42.0,28.0,43.05,4.0,7.0,0.0184,100K,2250.0,0.0525,0.9475,24.0,0.019,146.415,900.0,1500.0,273.0489,0.375,0.249,0.032,-132.0799,-0.9021
ts12_es,MES,0.35,0.15,1:0.15,sin ventaja,,0.7996,0.1143,0.0911,0.7946,-0.0344,0.7529,1.8171,-0.0625,58.0024,-25.0163,28.8286,43.9329,2.0,3.05,4.0,5.0,23.0,34.0,23.0,36.0,5.0,8.0,0.0184,50K,1500.0,0.1055,0.8945,15.0,0.078,92.0125,600.0,1000.0,179.3463,0.3555,0.244,0.023,-73.0915,-0.7944
ts12_es,MES,0.35,0.15,1:0.15,sin ventaja,,0.7996,0.1143,0.0911,0.7946,-0.0344,0.7529,1.8171,-0.0625,58.0024,-25.0163,28.8286,43.9329,2.0,3.05,4.0,5.0,23.0,34.0,23.0,36.0,5.0,8.0,0.0184,100K,2250.0,0.069,0.931,19.0,0.0425,142.2225,900.0,1500.0,270.7681,0.361,0.2465,0.0255,-123.5395,-0.8686
ts12_es,MES,0.35,0.2,1:0.20,sin ventaja,,0.7532,0.147,0.1107,0.7423,-0.0324,0.8068,1.7104,-0.0555,72.7953,-22.1856,25.0722,41.074,3.0,4.0,4.0,6.0,18.0,26.0,19.0,27.0,6.0,8.05,0.0184,50K,1500.0,0.1495,0.8505,12.0,0.126,89.6325,600.0,1000.0,264.1428,0.4965,0.3285,0.041,-50.1431,-0.5594
ts12_es,MES,0.35,0.2,1:0.20,sin ventaja,,0.7532,0.147,0.1107,0.7423,-0.0324,0.8068,1.7104,-0.0555,72.7953,-22.1856,25.0722,41.074,3.0,4.0,4.0,6.0,18.0,26.0,19.0,27.0,6.0,8.05,0.0184,100K,2250.0,0.1025,0.8975,15.0,0.077,138.6105,900.0,1500.0,408.5662,0.5175,0.3395,0.0435,-96.7325,-0.6979
ts12_es,MES,0.35,0.25,1:0.25,sin ventaja,S02,0.7123,0.1822,0.1263,0.6915,-0.0317,0.8363,1.627,-0.0515,86.2946,-20.6123,25.3089,42.3191,3.0,4.0,5.0,7.0,15.0,22.0,16.0,24.0,6.0,9.0,0.0184,50K,1500.0,0.1555,0.8445,11.0,0.145,87.21,600.0,1000.0,306.3585,0.5455,0.379,0.039,-39.5712,-0.4537
ts12_es,MES,0.35,0.25,1:0.25,sin ventaja,S02,0.7123,0.1822,0.1263,0.6915,-0.0317,0.8363,1.627,-0.0515,86.2946,-20.6123,25.3089,42.3191,3.0,4.0,5.0,7.0,15.0,22.0,16.0,24.0,6.0,9.0,0.0184,100K,2250.0,0.108,0.892,13.0,0.089,134.289,900.0,1500.0,456.1038,0.5635,0.3715,0.044,-85.0298,-0.6332
ts12_es,MES,0.35,0.35,1:0.35,sin ventaja,,0.6475,0.2512,0.1481,0.6007,-0.0252,0.8904,1.4844,-0.0374,110.6324,-14.9535,22.0482,39.5174,3.0,4.0,6.0,8.0,11.0,16.0,12.0,19.0,7.0,10.0,0.0184,50K,1500.0,0.208,0.792,9.0,0.1985,86.36,600.0,1000.0,393.8605,0.677,0.4425,0.055,-4.437,-0.0514
ts12_es,MES,0.35,0.35,1:0.35,sin ventaja,,0.6475,0.2512,0.1481,0.6007,-0.0252,0.8904,1.4844,-0.0374,110.6324,-14.9535,22.0482,39.5174,3.0,4.0,6.0,8.0,11.0,16.0,12.0,19.0,7.0,10.0,0.0184,100K,2250.0,0.153,0.847,11.0,0.1355,133.4505,900.0,1500.0,577.0852,0.66,0.441,0.052,-45.1565,-0.3384
ts12_es,MES,0.35,0.5,1:0.50,sin ventaja,,0.5708,0.3476,0.1772,0.4752,-0.0307,0.8886,1.3288,-0.0408,142.0067,-16.3425,23.2744,43.2763,3.0,5.0,7.0,10.0,8.0,11.0,10.0,14.0,7.0,11.0,0.0184,50K,1500.0,0.206,0.794,8.0,0.198,86.53,600.0,1000.0,418.8893,0.66,0.441,0.0525,-0.2388,-0.0028
ts12_es,MES,0.35,0.5,1:0.50,sin ventaja,,0.5708,0.3476,0.1772,0.4752,-0.0307,0.8886,1.3288,-0.0408,142.0067,-16.3425,23.2744,43.2763,3.0,5.0,7.0,10.0,8.0,11.0,10.0,14.0,7.0,11.0,0.0184,100K,2250.0,0.1625,0.8375,9.0,0.1515,131.3865,900.0,1500.0,633.21,0.6635,0.4405,0.052,-28.4899,-0.2168
