cartera,config,escenario,cuenta,rta,riesgo_pierna,p_aprueba,p_quema,dias_aprobar,p_aprueba_20d,coste_intento,riesgo_xfa,umbral_retiro,cobro_xfa,retiros_xfa,p_1_retiro,p_3_retiros,ev_intento,roi
RR original (Z13 + Z05 + N02),"ts24_xau(SL 0.5, 1:0.15) + hora_xau(SL 0.5, 1:0.25) + ts12_nq(SL 0.35, 1:0.25)",in-sample,50K,ON,160.0,0.009,0.0148,118.0,0.0,508.1512,400.0,3000.0,3593.637,2.4518,0.6512,0.416,-475.8085,-0.9364
RR original (Z13 + Z05 + N02),"ts24_xau(SL 0.5, 1:0.15) + hora_xau(SL 0.5, 1:0.25) + ts12_nq(SL 0.35, 1:0.25)",in-sample,50K,ON,200.0,0.2985,0.1238,95.0,0.0,459.0,400.0,3000.0,3593.637,2.4518,0.6512,0.416,613.7007,1.337
RR original (Z13 + Z05 + N02),"ts24_xau(SL 0.5, 1:0.15) + hora_xau(SL 0.5, 1:0.25) + ts12_nq(SL 0.35, 1:0.25)",in-sample,50K,ON,300.0,0.6952,0.296,42.0,0.0625,217.175,400.0,3000.0,3593.637,2.4518,0.6512,0.416,2281.3012,10.5044
RR original (Z13 + Z05 + N02),"ts24_xau(SL 0.5, 1:0.15) + hora_xau(SL 0.5, 1:0.25) + ts12_nq(SL 0.35, 1:0.25)",in-sample,50K,ON,400.0,0.6538,0.3458,29.0,0.1678,158.6738,400.0,3000.0,3593.637,2.4518,0.6512,0.416,2190.6665,13.8061
RR original (Z13 + Z05 + N02),"ts24_xau(SL 0.5, 1:0.15) + hora_xau(SL 0.5, 1:0.25) + ts12_nq(SL 0.35, 1:0.25)",in-sample,50K,ON,500.0,0.6218,0.3782,24.0,0.2378,136.4888,400.0,3000.0,3593.637,2.4518,0.6512,0.416,2097.8551,15.3702
RR original (Z13 + Z05 + N02),"ts24_xau(SL 0.5, 1:0.15) + hora_xau(SL 0.5, 1:0.25) + ts12_nq(SL 0.35, 1:0.25)",in-sample,50K,ON,700.0,0.5275,0.4725,16.0,0.3735,102.5525,400.0,3000.0,3593.637,2.4518,0.6512,0.416,1793.091,17.4846
RR original (Z13 + Z05 + N02),"ts24_xau(SL 0.5, 1:0.15) + hora_xau(SL 0.5, 1:0.25) + ts12_nq(SL 0.35, 1:0.25)",in-sample,50K,OFF,160.0,0.009,0.0148,118.0,0.0,567.9338,400.0,3000.0,3686.6358,2.5155,0.655,0.428,-534.754,-0.9416
RR original (Z13 + Z05 + N02),"ts24_xau(SL 0.5, 1:0.15) + hora_xau(SL 0.5, 1:0.25) + ts12_nq(SL 0.35, 1:0.25)",in-sample,50K,OFF,200.0,0.299,0.1245,95.0,0.0,512.8338,400.0,3000.0,3686.6358,2.5155,0.655,0.428,589.4704,1.1494
RR original (Z13 + Z05 + N02),"ts24_xau(SL 0.5, 1:0.15) + hora_xau(SL 0.5, 1:0.25) + ts12_nq(SL 0.35, 1:0.25)",in-sample,50K,OFF,300.0,0.698,0.2938,42.0,0.0625,242.535,400.0,3000.0,3686.6358,2.5155,0.655,0.428,2330.7368,9.6099
RR original (Z13 + Z05 + N02),"ts24_xau(SL 0.5, 1:0.15) + hora_xau(SL 0.5, 1:0.25) + ts12_nq(SL 0.35, 1:0.25)",in-sample,50K,OFF,400.0,0.6555,0.344,29.0,0.1688,175.845,400.0,3000.0,3686.6358,2.5155,0.655,0.428,2240.7448,12.7427
RR original (Z13 + Z05 + N02),"ts24_xau(SL 0.5, 1:0.15) + hora_xau(SL 0.5, 1:0.25) + ts12_nq(SL 0.35, 1:0.25)",in-sample,50K,OFF,500.0,0.6288,0.3713,24.0,0.2415,152.2138,400.0,3000.0,3686.6358,2.5155,0.655,0.428,2165.7585,14.2284
RR original (Z13 + Z05 + N02),"ts24_xau(SL 0.5, 1:0.15) + hora_xau(SL 0.5, 1:0.25) + ts12_nq(SL 0.35, 1:0.25)",in-sample,50K,OFF,700.0,0.5395,0.4605,15.0,0.3908,113.6438,400.0,3000.0,3686.6358,2.5155,0.655,0.428,1875.2963,16.5015
RR original (Z13 + Z05 + N02),"ts24_xau(SL 0.5, 1:0.15) + hora_xau(SL 0.5, 1:0.25) + ts12_nq(SL 0.35, 1:0.25)",in-sample,100K,ON,240.0,0.1535,0.0682,106.0,0.0,742.4272,600.0,4500.0,5524.794,2.5705,0.7295,0.4862,105.6286,0.1423
RR original (Z13 + Z05 + N02),"ts24_xau(SL 0.5, 1:0.15) + hora_xau(SL 0.5, 1:0.25) + ts12_nq(SL 0.35, 1:0.25)",in-sample,100K,ON,300.0,0.5422,0.137,87.0,0.0,621.5865,600.0,4500.0,5524.794,2.5705,0.7295,0.4862,2374.233,3.8196
RR original (Z13 + Z05 + N02),"ts24_xau(SL 0.5, 1:0.15) + hora_xau(SL 0.5, 1:0.25) + ts12_nq(SL 0.35, 1:0.25)",in-sample,100K,ON,450.0,0.7248,0.2062,65.0,0.004,462.3682,600.0,4500.0,5524.794,2.5705,0.7295,0.4862,3541.7262,7.66
RR original (Z13 + Z05 + N02),"ts24_xau(SL 0.5, 1:0.15) + hora_xau(SL 0.5, 1:0.25) + ts12_nq(SL 0.35, 1:0.25)",in-sample,100K,ON,600.0,0.6908,0.2902,52.0,0.0182,365.7795,600.0,4500.0,5524.794,2.5705,0.7295,0.4862,3450.4719,9.4332
RR original (Z13 + Z05 + N02),"ts24_xau(SL 0.5, 1:0.15) + hora_xau(SL 0.5, 1:0.25) + ts12_nq(SL 0.35, 1:0.25)",in-sample,100K,ON,750.0,0.621,0.378,37.0,0.0732,267.0945,600.0,4500.0,5524.794,2.5705,0.7295,0.4862,3163.8026,11.8453
RR original (Z13 + Z05 + N02),"ts24_xau(SL 0.5, 1:0.15) + hora_xau(SL 0.5, 1:0.25) + ts12_nq(SL 0.35, 1:0.25)",in-sample,100K,ON,1050.0,0.4782,0.5218,19.0,0.2732,164.8298,600.0,4500.0,5524.794,2.5705,0.7295,0.4862,2477.403,15.0301
RR original (Z13 + Z05 + N02),"ts24_xau(SL 0.5, 1:0.15) + hora_xau(SL 0.5, 1:0.25) + ts12_nq(SL 0.35, 1:0.25)",in-sample,100K,OFF,240.0,0.1535,0.0682,106.0,0.0,857.5322,600.0,4500.0,5525.8486,2.571,0.7292,0.487,-9.3145,-0.0109
RR original (Z13 + Z05 + N02),"ts24_xau(SL 0.5, 1:0.15) + hora_xau(SL 0.5, 1:0.25) + ts12_nq(SL 0.35, 1:0.25)",in-sample,100K,OFF,300.0,0.5422,0.137,87.0,0.0,717.9192,600.0,4500.0,5525.8486,2.571,0.7292,0.487,2278.4721,3.1737
RR original (Z13 + Z05 + N02),"ts24_xau(SL 0.5, 1:0.15) + hora_xau(SL 0.5, 1:0.25) + ts12_nq(SL 0.35, 1:0.25)",in-sample,100K,OFF,450.0,0.7258,0.2058,65.0,0.004,534.0905,600.0,4500.0,5525.8486,2.571,0.7292,0.487,3476.2941,6.5088
RR original (Z13 + Z05 + N02),"ts24_xau(SL 0.5, 1:0.15) + hora_xau(SL 0.5, 1:0.25) + ts12_nq(SL 0.35, 1:0.25)",in-sample,100K,OFF,600.0,0.6912,0.2898,52.0,0.0182,422.6758,600.0,4500.0,5525.8486,2.571,0.7292,0.487,3397.0671,8.0371
RR original (Z13 + Z05 + N02),"ts24_xau(SL 0.5, 1:0.15) + hora_xau(SL 0.5, 1:0.25) + ts12_nq(SL 0.35, 1:0.25)",in-sample,100K,OFF,750.0,0.6212,0.3777,37.0,0.0735,307.9457,600.0,4500.0,5525.8486,2.571,0.7292,0.487,3124.9877,10.1479
RR original (Z13 + Z05 + N02),"ts24_xau(SL 0.5, 1:0.15) + hora_xau(SL 0.5, 1:0.25) + ts12_nq(SL 0.35, 1:0.25)",in-sample,100K,OFF,1050.0,0.484,0.516,19.0,0.2795,189.7515,600.0,4500.0,5525.8486,2.571,0.7292,0.487,2484.7592,13.0948
RR original (Z13 + Z05 + N02),"ts24_xau(SL 0.5, 1:0.15) + hora_xau(SL 0.5, 1:0.25) + ts12_nq(SL 0.35, 1:0.25)",mitad,50K,ON,160.0,0.0025,0.0428,113.5,0.0,505.8988,400.0,3000.0,1363.2589,0.939,0.4008,0.1462,-502.4906,-0.9933
RR original (Z13 + Z05 + N02),"ts24_xau(SL 0.5, 1:0.15) + hora_xau(SL 0.5, 1:0.25) + ts12_nq(SL 0.35, 1:0.25)",mitad,50K,ON,200.0,0.1155,0.2662,93.0,0.0,455.09,400.0,3000.0,1363.2589,0.939,0.4008,0.1462,-297.6336,-0.654
RR original (Z13 + Z05 + N02),"ts24_xau(SL 0.5, 1:0.15) + hora_xau(SL 0.5, 1:0.25) + ts12_nq(SL 0.35, 1:0.25)",mitad,50K,ON,300.0,0.4038,0.5762,49.0,0.0238,224.4425,400.0,3000.0,1363.2589,0.939,0.4008,0.1462,325.9733,1.4524
RR original (Z13 + Z05 + N02),"ts24_xau(SL 0.5, 1:0.15) + hora_xau(SL 0.5, 1:0.25) + ts12_nq(SL 0.35, 1:0.25)",mitad,50K,ON,400.0,0.3838,0.616,33.0,0.0738,159.6725,400.0,3000.0,1363.2589,0.939,0.4008,0.1462,363.4781,2.2764
RR original (Z13 + Z05 + N02),"ts24_xau(SL 0.5, 1:0.15) + hora_xau(SL 0.5, 1:0.25) + ts12_nq(SL 0.35, 1:0.25)",mitad,50K,ON,500.0,0.3708,0.629,27.0,0.118,137.2962,400.0,3000.0,1363.2589,0.939,0.4008,0.1462,368.132,2.6813
RR original (Z13 + Z05 + N02),"ts24_xau(SL 0.5, 1:0.15) + hora_xau(SL 0.5, 1:0.25) + ts12_nq(SL 0.35, 1:0.25)",mitad,50K,ON,700.0,0.335,0.665,16.0,0.2255,101.83,400.0,3000.0,1363.2589,0.939,0.4008,0.1462,354.8617,3.4848
RR original (Z13 + Z05 + N02),"ts24_xau(SL 0.5, 1:0.15) + hora_xau(SL 0.5, 1:0.25) + ts12_nq(SL 0.35, 1:0.25)",mitad,50K,OFF,160.0,0.0025,0.0428,113.5,0.0,565.4162,400.0,3000.0,1399.7029,0.9632,0.405,0.1508,-561.917,-0.9938
RR original (Z13 + Z05 + N02),"ts24_xau(SL 0.5, 1:0.15) + hora_xau(SL 0.5, 1:0.25) + ts12_nq(SL 0.35, 1:0.25)",mitad,50K,OFF,200.0,0.1155,0.2662,93.0,0.0,508.6775,400.0,3000.0,1399.7029,0.9632,0.405,0.1508,-347.0118,-0.6822
RR original (Z13 + Z05 + N02),"ts24_xau(SL 0.5, 1:0.15) + hora_xau(SL 0.5, 1:0.25) + ts12_nq(SL 0.35, 1:0.25)",mitad,50K,OFF,300.0,0.4035,0.5768,49.0,0.0238,250.515,400.0,3000.0,1399.7029,0.9632,0.405,0.1508,314.2651,1.2545
RR original (Z13 + Z05 + N02),"ts24_xau(SL 0.5, 1:0.15) + hora_xau(SL 0.5, 1:0.25) + ts12_nq(SL 0.35, 1:0.25)",mitad,50K,OFF,400.0,0.3905,0.6092,33.0,0.0745,178.5525,400.0,3000.0,1399.7029,0.9632,0.405,0.1508,368.0315,2.0612
RR original (Z13 + Z05 + N02),"ts24_xau(SL 0.5, 1:0.15) + hora_xau(SL 0.5, 1:0.25) + ts12_nq(SL 0.35, 1:0.25)",mitad,50K,OFF,500.0,0.3815,0.6178,27.0,0.1205,154.3988,400.0,3000.0,1399.7029,0.9632,0.405,0.1508,379.5879,2.4585
RR original (Z13 + Z05 + N02),"ts24_xau(SL 0.5, 1:0.15) + hora_xau(SL 0.5, 1:0.25) + ts12_nq(SL 0.35, 1:0.25)",mitad,50K,OFF,700.0,0.3455,0.6545,16.0,0.2358,113.1688,400.0,3000.0,1399.7029,0.9632,0.405,0.1508,370.4286,3.2732
RR original (Z13 + Z05 + N02),"ts24_xau(SL 0.5, 1:0.15) + hora_xau(SL 0.5, 1:0.25) + ts12_nq(SL 0.35, 1:0.25)",mitad,100K,ON,240.0,0.029,0.2248,105.5,0.0,719.2718,600.0,4500.0,2048.7255,0.9575,0.4362,0.152,-659.8587,-0.9174
RR original (Z13 + Z05 + N02),"ts24_xau(SL 0.5, 1:0.15) + hora_xau(SL 0.5, 1:0.25) + ts12_nq(SL 0.35, 1:0.25)",mitad,100K,ON,300.0,0.182,0.3995,95.0,0.0,616.0072,600.0,4500.0,2048.7255,0.9575,0.4362,0.152,-243.1392,-0.3947
RR original (Z13 + Z05 + N02),"ts24_xau(SL 0.5, 1:0.15) + hora_xau(SL 0.5, 1:0.25) + ts12_nq(SL 0.35, 1:0.25)",mitad,100K,ON,450.0,0.3295,0.535,76.5,0.0,461.5942,600.0,4500.0,2048.7255,0.9575,0.4362,0.152,213.4608,0.4624
RR original (Z13 + Z05 + N02),"ts24_xau(SL 0.5, 1:0.15) + hora_xau(SL 0.5, 1:0.25) + ts12_nq(SL 0.35, 1:0.25)",mitad,100K,ON,600.0,0.356,0.5975,61.0,0.0052,367.2308,600.0,4500.0,2048.7255,0.9575,0.4362,0.152,362.1155,0.9861
RR original (Z13 + Z05 + N02),"ts24_xau(SL 0.5, 1:0.15) + hora_xau(SL 0.5, 1:0.25) + ts12_nq(SL 0.35, 1:0.25)",mitad,100K,ON,750.0,0.334,0.66,40.5,0.028,260.6768,600.0,4500.0,2048.7255,0.9575,0.4362,0.152,423.5976,1.625
RR original (Z13 + Z05 + N02),"ts24_xau(SL 0.5, 1:0.15) + hora_xau(SL 0.5, 1:0.25) + ts12_nq(SL 0.35, 1:0.25)",mitad,100K,ON,1050.0,0.2782,0.7218,20.0,0.1452,160.6372,600.0,4500.0,2048.7255,0.9575,0.4362,0.152,409.4206,2.5487
RR original (Z13 + Z05 + N02),"ts24_xau(SL 0.5, 1:0.15) + hora_xau(SL 0.5, 1:0.25) + ts12_nq(SL 0.35, 1:0.25)",mitad,100K,OFF,240.0,0.029,0.2248,105.5,0.0,830.7868,600.0,4500.0,2051.8908,0.9588,0.4368,0.1522,-771.2819,-0.9284
RR original (Z13 + Z05 + N02),"ts24_xau(SL 0.5, 1:0.15) + hora_xau(SL 0.5, 1:0.25) + ts12_nq(SL 0.35, 1:0.25)",mitad,100K,OFF,300.0,0.182,0.3995,95.0,0.0,711.5122,600.0,4500.0,2051.8908,0.9588,0.4368,0.1522,-338.0681,-0.4751
RR original (Z13 + Z05 + N02),"ts24_xau(SL 0.5, 1:0.15) + hora_xau(SL 0.5, 1:0.25) + ts12_nq(SL 0.35, 1:0.25)",mitad,100K,OFF,450.0,0.3295,0.5352,76.5,0.0,533.0848,600.0,4500.0,2051.8908,0.9588,0.4368,0.1522,143.0133,0.2683
RR original (Z13 + Z05 + N02),"ts24_xau(SL 0.5, 1:0.15) + hora_xau(SL 0.5, 1:0.25) + ts12_nq(SL 0.35, 1:0.25)",mitad,100K,OFF,600.0,0.3565,0.5972,61.0,0.0052,424.054,600.0,4500.0,2051.8908,0.9588,0.4368,0.1522,307.4451,0.725
RR original (Z13 + Z05 + N02),"ts24_xau(SL 0.5, 1:0.15) + hora_xau(SL 0.5, 1:0.25) + ts12_nq(SL 0.35, 1:0.25)",mitad,100K,OFF,750.0,0.3348,0.6595,41.0,0.028,301.129,600.0,4500.0,2051.8908,0.9588,0.4368,0.1522,385.7415,1.281
RR original (Z13 + Z05 + N02),"ts24_xau(SL 0.5, 1:0.15) + hora_xau(SL 0.5, 1:0.25) + ts12_nq(SL 0.35, 1:0.25)",mitad,100K,OFF,1050.0,0.286,0.714,20.0,0.1498,185.1325,600.0,4500.0,2051.8908,0.9588,0.4368,0.1522,401.7083,2.1698
RR original (Z13 + Z05 + N02),"ts24_xau(SL 0.5, 1:0.15) + hora_xau(SL 0.5, 1:0.25) + ts12_nq(SL 0.35, 1:0.25)",sin ventaja,50K,ON,160.0,0.001,0.1318,109.0,0.0,495.805,400.0,2000.0,490.9129,0.4765,0.2775,0.0488,-495.3141,-0.999
RR original (Z13 + Z05 + N02),"ts24_xau(SL 0.5, 1:0.15) + hora_xau(SL 0.5, 1:0.25) + ts12_nq(SL 0.35, 1:0.25)",sin ventaja,50K,ON,200.0,0.0248,0.5322,100.0,0.0,410.4012,400.0,2000.0,490.9129,0.4765,0.2775,0.0488,-398.2512,-0.9704
RR original (Z13 + Z05 + N02),"ts24_xau(SL 0.5, 1:0.15) + hora_xau(SL 0.5, 1:0.25) + ts12_nq(SL 0.35, 1:0.25)",sin ventaja,50K,ON,300.0,0.1562,0.8318,48.0,0.0098,194.1612,400.0,2000.0,490.9129,0.4765,0.2775,0.0488,-117.4561,-0.6049
RR original (Z13 + Z05 + N02),"ts24_xau(SL 0.5, 1:0.15) + hora_xau(SL 0.5, 1:0.25) + ts12_nq(SL 0.35, 1:0.25)",sin ventaja,50K,ON,400.0,0.1705,0.8292,32.0,0.0372,145.01,400.0,2000.0,490.9129,0.4765,0.2775,0.0488,-61.3094,-0.4228
RR original (Z13 + Z05 + N02),"ts24_xau(SL 0.5, 1:0.15) + hora_xau(SL 0.5, 1:0.25) + ts12_nq(SL 0.35, 1:0.25)",sin ventaja,50K,ON,500.0,0.181,0.8188,27.0,0.0575,128.3288,400.0,2000.0,490.9129,0.4765,0.2775,0.0488,-39.4735,-0.3076
RR original (Z13 + Z05 + N02),"ts24_xau(SL 0.5, 1:0.15) + hora_xau(SL 0.5, 1:0.25) + ts12_nq(SL 0.35, 1:0.25)",sin ventaja,50K,ON,700.0,0.1892,0.8108,16.0,0.127,99.2588,400.0,2000.0,490.9129,0.4765,0.2775,0.0488,-6.3535,-0.064
RR original (Z13 + Z05 + N02),"ts24_xau(SL 0.5, 1:0.15) + hora_xau(SL 0.5, 1:0.25) + ts12_nq(SL 0.35, 1:0.25)",sin ventaja,50K,OFF,160.0,0.001,0.1318,109.0,0.0,554.135,400.0,2000.0,501.0823,0.4858,0.2812,0.0508,-553.6339,-0.9991
RR original (Z13 + Z05 + N02),"ts24_xau(SL 0.5, 1:0.15) + hora_xau(SL 0.5, 1:0.25) + ts12_nq(SL 0.35, 1:0.25)",sin ventaja,50K,OFF,200.0,0.0248,0.5322,100.0,0.0,458.66,400.0,2000.0,501.0823,0.4858,0.2812,0.0508,-446.2582,-0.973
RR original (Z13 + Z05 + N02),"ts24_xau(SL 0.5, 1:0.15) + hora_xau(SL 0.5, 1:0.25) + ts12_nq(SL 0.35, 1:0.25)",sin ventaja,50K,OFF,300.0,0.1568,0.831,48.0,0.0098,216.7425,400.0,2000.0,501.0823,0.4858,0.2812,0.0508,-138.1979,-0.6376
RR original (Z13 + Z05 + N02),"ts24_xau(SL 0.5, 1:0.15) + hora_xau(SL 0.5, 1:0.25) + ts12_nq(SL 0.35, 1:0.25)",sin ventaja,50K,OFF,400.0,0.1727,0.8272,32.0,0.0372,161.2625,400.0,2000.0,501.0823,0.4858,0.2812,0.0508,-74.7005,-0.4632
RR original (Z13 + Z05 + N02),"ts24_xau(SL 0.5, 1:0.15) + hora_xau(SL 0.5, 1:0.25) + ts12_nq(SL 0.35, 1:0.25)",sin ventaja,50K,OFF,500.0,0.1845,0.8152,27.0,0.0582,142.8325,400.0,2000.0,501.0823,0.4858,0.2812,0.0508,-50.3828,-0.3527
RR original (Z13 + Z05 + N02),"ts24_xau(SL 0.5, 1:0.15) + hora_xau(SL 0.5, 1:0.25) + ts12_nq(SL 0.35, 1:0.25)",sin ventaja,50K,OFF,700.0,0.1958,0.8042,16.0,0.135,110.4138,400.0,2000.0,501.0823,0.4858,0.2812,0.0508,-12.3269,-0.1116
RR original (Z13 + Z05 + N02),"ts24_xau(SL 0.5, 1:0.15) + hora_xau(SL 0.5, 1:0.25) + ts12_nq(SL 0.35, 1:0.25)",sin ventaja,100K,ON,240.0,0.0018,0.5162,105.0,0.0,639.9368,600.0,3000.0,694.6168,0.4678,0.2725,0.0488,-638.7212,-0.9981
RR original (Z13 + Z05 + N02),"ts24_xau(SL 0.5, 1:0.15) + hora_xau(SL 0.5, 1:0.25) + ts12_nq(SL 0.35, 1:0.25)",sin ventaja,100K,ON,300.0,0.0298,0.747,94.0,0.0,497.8432,600.0,3000.0,694.6168,0.4678,0.2725,0.0488,-477.1784,-0.9585
RR original (Z13 + Z05 + N02),"ts24_xau(SL 0.5, 1:0.15) + hora_xau(SL 0.5, 1:0.25) + ts12_nq(SL 0.35, 1:0.25)",sin ventaja,100K,ON,450.0,0.0752,0.8535,75.0,0.0002,368.8432,600.0,3000.0,694.6168,0.4678,0.2725,0.0488,-316.5733,-0.8583
RR original (Z13 + Z05 + N02),"ts24_xau(SL 0.5, 1:0.15) + hora_xau(SL 0.5, 1:0.25) + ts12_nq(SL 0.35, 1:0.25)",sin ventaja,100K,ON,600.0,0.0915,0.885,58.5,0.001,294.1522,600.0,3000.0,694.6168,0.4678,0.2725,0.0488,-230.5948,-0.7839
RR original (Z13 + Z05 + N02),"ts24_xau(SL 0.5, 1:0.15) + hora_xau(SL 0.5, 1:0.25) + ts12_nq(SL 0.35, 1:0.25)",sin ventaja,100K,ON,750.0,0.1218,0.8758,42.0,0.0082,223.041,600.0,3000.0,694.6168,0.4678,0.2725,0.0488,-138.4714,-0.6208
RR original (Z13 + Z05 + N02),"ts24_xau(SL 0.5, 1:0.15) + hora_xau(SL 0.5, 1:0.25) + ts12_nq(SL 0.35, 1:0.25)",sin ventaja,100K,ON,1050.0,0.1383,0.8618,20.0,0.0718,153.0262,600.0,3000.0,694.6168,0.4678,0.2725,0.0488,-56.9955,-0.3725
RR original (Z13 + Z05 + N02),"ts24_xau(SL 0.5, 1:0.15) + hora_xau(SL 0.5, 1:0.25) + ts12_nq(SL 0.35, 1:0.25)",sin ventaja,100K,OFF,240.0,0.0018,0.5162,105.0,0.0,739.1518,600.0,3000.0,694.7033,0.4678,0.2725,0.0488,-737.936,-0.9984
RR original (Z13 + Z05 + N02),"ts24_xau(SL 0.5, 1:0.15) + hora_xau(SL 0.5, 1:0.25) + ts12_nq(SL 0.35, 1:0.25)",sin ventaja,100K,OFF,300.0,0.0298,0.7472,94.0,0.0,575.0282,600.0,3000.0,694.7033,0.4678,0.2725,0.0488,-554.3608,-0.9641
RR original (Z13 + Z05 + N02),"ts24_xau(SL 0.5, 1:0.15) + hora_xau(SL 0.5, 1:0.25) + ts12_nq(SL 0.35, 1:0.25)",sin ventaja,100K,OFF,450.0,0.0752,0.854,75.0,0.0002,426.1772,600.0,3000.0,694.7033,0.4678,0.2725,0.0488,-373.9008,-0.8773
RR original (Z13 + Z05 + N02),"ts24_xau(SL 0.5, 1:0.15) + hora_xau(SL 0.5, 1:0.25) + ts12_nq(SL 0.35, 1:0.25)",sin ventaja,100K,OFF,600.0,0.0918,0.8848,59.0,0.001,339.7945,600.0,3000.0,694.7033,0.4678,0.2725,0.0488,-276.0555,-0.8124
RR original (Z13 + Z05 + N02),"ts24_xau(SL 0.5, 1:0.15) + hora_xau(SL 0.5, 1:0.25) + ts12_nq(SL 0.35, 1:0.25)",sin ventaja,100K,OFF,750.0,0.1212,0.8768,42.0,0.0082,257.0995,600.0,3000.0,694.7033,0.4678,0.2725,0.0488,-172.8667,-0.6724
RR original (Z13 + Z05 + N02),"ts24_xau(SL 0.5, 1:0.15) + hora_xau(SL 0.5, 1:0.25) + ts12_nq(SL 0.35, 1:0.25)",sin ventaja,100K,OFF,1050.0,0.143,0.857,20.0,0.0732,176.9375,600.0,3000.0,694.7033,0.4678,0.2725,0.0488,-77.5949,-0.4385
RR bajado (acierto 85-88 %),"ts24_xau(SL 0.5, 1:0.1) + hora_xau(SL 0.5, 1:0.12) + ts12_nq(SL 0.35, 1:0.12)",in-sample,50K,ON,160.0,0.0002,0.004,123.0,0.0,509.6388,400.0,3000.0,3134.9773,2.2045,0.6915,0.4118,-508.855,-0.9985
RR bajado (acierto 85-88 %),"ts24_xau(SL 0.5, 1:0.1) + hora_xau(SL 0.5, 1:0.12) + ts12_nq(SL 0.35, 1:0.12)",in-sample,50K,ON,200.0,0.1205,0.0602,104.0,0.0,493.5525,400.0,3000.0,3134.9773,2.2045,0.6915,0.4118,-115.7877,-0.2346
RR bajado (acierto 85-88 %),"ts24_xau(SL 0.5, 1:0.1) + hora_xau(SL 0.5, 1:0.12) + ts12_nq(SL 0.35, 1:0.12)",in-sample,50K,ON,300.0,0.705,0.249,56.0,0.015,278.0562,400.0,3000.0,3134.9773,2.2045,0.6915,0.4118,1932.1027,6.9486
RR bajado (acierto 85-88 %),"ts24_xau(SL 0.5, 1:0.1) + hora_xau(SL 0.5, 1:0.12) + ts12_nq(SL 0.35, 1:0.12)",in-sample,50K,ON,400.0,0.6962,0.2978,39.0,0.0848,199.6225,400.0,3000.0,3134.9773,2.2045,0.6915,0.4118,1983.1054,9.9343
RR bajado (acierto 85-88 %),"ts24_xau(SL 0.5, 1:0.1) + hora_xau(SL 0.5, 1:0.12) + ts12_nq(SL 0.35, 1:0.12)",in-sample,50K,ON,500.0,0.6642,0.3348,32.0,0.1328,172.7412,400.0,3000.0,3134.9773,2.2045,0.6915,0.4118,1909.6674,11.0551
RR bajado (acierto 85-88 %),"ts24_xau(SL 0.5, 1:0.1) + hora_xau(SL 0.5, 1:0.12) + ts12_nq(SL 0.35, 1:0.12)",in-sample,50K,ON,700.0,0.586,0.414,21.0,0.2722,125.375,400.0,3000.0,3134.9773,2.2045,0.6915,0.4118,1711.7217,13.6528
RR bajado (acierto 85-88 %),"ts24_xau(SL 0.5, 1:0.1) + hora_xau(SL 0.5, 1:0.12) + ts12_nq(SL 0.35, 1:0.12)",in-sample,50K,OFF,160.0,0.0002,0.004,123.0,0.0,569.5963,400.0,3000.0,3151.1001,2.215,0.6928,0.4102,-568.8085,-0.9986
RR bajado (acierto 85-88 %),"ts24_xau(SL 0.5, 1:0.1) + hora_xau(SL 0.5, 1:0.12) + ts12_nq(SL 0.35, 1:0.12)",in-sample,50K,OFF,200.0,0.1205,0.0602,104.0,0.0,551.6412,400.0,3000.0,3151.1001,2.215,0.6928,0.4102,-171.9337,-0.3117
RR bajado (acierto 85-88 %),"ts24_xau(SL 0.5, 1:0.1) + hora_xau(SL 0.5, 1:0.12) + ts12_nq(SL 0.35, 1:0.12)",in-sample,50K,OFF,300.0,0.7058,0.2492,56.0,0.015,310.5075,400.0,3000.0,3151.1001,2.215,0.6928,0.4102,1913.3814,6.1621
RR bajado (acierto 85-88 %),"ts24_xau(SL 0.5, 1:0.1) + hora_xau(SL 0.5, 1:0.12) + ts12_nq(SL 0.35, 1:0.12)",in-sample,50K,OFF,400.0,0.6962,0.2985,38.0,0.0855,222.205,400.0,3000.0,3151.1001,2.215,0.6928,0.4102,1971.7484,8.8736
RR bajado (acierto 85-88 %),"ts24_xau(SL 0.5, 1:0.1) + hora_xau(SL 0.5, 1:0.12) + ts12_nq(SL 0.35, 1:0.12)",in-sample,50K,OFF,500.0,0.6678,0.3312,32.0,0.134,193.04,400.0,3000.0,3151.1001,2.215,0.6928,0.4102,1911.1071,9.9001
RR bajado (acierto 85-88 %),"ts24_xau(SL 0.5, 1:0.1) + hora_xau(SL 0.5, 1:0.12) + ts12_nq(SL 0.35, 1:0.12)",in-sample,50K,OFF,700.0,0.5972,0.4028,21.0,0.2835,138.4863,400.0,3000.0,3151.1001,2.215,0.6928,0.4102,1743.5083,12.5898
RR bajado (acierto 85-88 %),"ts24_xau(SL 0.5, 1:0.1) + hora_xau(SL 0.5, 1:0.12) + ts12_nq(SL 0.35, 1:0.12)",in-sample,100K,ON,240.0,0.032,0.0375,114.0,0.0,765.1635,600.0,4500.0,4292.6209,2.0342,0.746,0.3908,-627.7996,-0.8205
RR bajado (acierto 85-88 %),"ts24_xau(SL 0.5, 1:0.1) + hora_xau(SL 0.5, 1:0.12) + ts12_nq(SL 0.35, 1:0.12)",in-sample,100K,ON,300.0,0.3212,0.0995,97.0,0.0,700.728,600.0,4500.0,4292.6209,2.0342,0.746,0.3908,678.2764,0.968
RR bajado (acierto 85-88 %),"ts24_xau(SL 0.5, 1:0.1) + hora_xau(SL 0.5, 1:0.12) + ts12_nq(SL 0.35, 1:0.12)",in-sample,100K,ON,450.0,0.6405,0.173,80.0,0.0002,560.1825,600.0,4500.0,4292.6209,2.0342,0.746,0.3908,2189.2412,3.9081
RR bajado (acierto 85-88 %),"ts24_xau(SL 0.5, 1:0.1) + hora_xau(SL 0.5, 1:0.12) + ts12_nq(SL 0.35, 1:0.12)",in-sample,100K,ON,600.0,0.6832,0.235,66.0,0.001,470.1082,600.0,4500.0,4292.6209,2.0342,0.746,0.3908,2462.8249,5.2388
RR bajado (acierto 85-88 %),"ts24_xau(SL 0.5, 1:0.1) + hora_xau(SL 0.5, 1:0.12) + ts12_nq(SL 0.35, 1:0.12)",in-sample,100K,ON,750.0,0.659,0.3258,49.0,0.0222,350.6865,600.0,4500.0,4292.6209,2.0342,0.746,0.3908,2478.1506,7.0666
RR bajado (acierto 85-88 %),"ts24_xau(SL 0.5, 1:0.1) + hora_xau(SL 0.5, 1:0.12) + ts12_nq(SL 0.35, 1:0.12)",in-sample,100K,ON,1050.0,0.53,0.4698,26.0,0.1662,204.8842,600.0,4500.0,4292.6209,2.0342,0.746,0.3908,2070.2048,10.1043
RR bajado (acierto 85-88 %),"ts24_xau(SL 0.5, 1:0.1) + hora_xau(SL 0.5, 1:0.12) + ts12_nq(SL 0.35, 1:0.12)",in-sample,100K,OFF,240.0,0.032,0.0375,114.0,0.0,883.7935,600.0,4500.0,4294.2416,2.035,0.7465,0.3908,-746.3778,-0.8445
RR bajado (acierto 85-88 %),"ts24_xau(SL 0.5, 1:0.1) + hora_xau(SL 0.5, 1:0.12) + ts12_nq(SL 0.35, 1:0.12)",in-sample,100K,OFF,300.0,0.3212,0.0995,97.0,0.0,809.368,600.0,4500.0,4294.2416,2.035,0.7465,0.3908,570.1571,0.7044
RR bajado (acierto 85-88 %),"ts24_xau(SL 0.5, 1:0.1) + hora_xau(SL 0.5, 1:0.12) + ts12_nq(SL 0.35, 1:0.12)",in-sample,100K,OFF,450.0,0.64,0.173,80.0,0.0002,647.0325,600.0,4500.0,4294.2416,2.035,0.7465,0.3908,2101.2821,3.2476
RR bajado (acierto 85-88 %),"ts24_xau(SL 0.5, 1:0.1) + hora_xau(SL 0.5, 1:0.12) + ts12_nq(SL 0.35, 1:0.12)",in-sample,100K,OFF,600.0,0.683,0.2355,66.0,0.001,542.6952,600.0,4500.0,4294.2416,2.035,0.7465,0.3908,2390.2718,4.4044
RR bajado (acierto 85-88 %),"ts24_xau(SL 0.5, 1:0.1) + hora_xau(SL 0.5, 1:0.12) + ts12_nq(SL 0.35, 1:0.12)",in-sample,100K,OFF,750.0,0.6587,0.3265,49.0,0.0222,403.9762,600.0,4500.0,4294.2416,2.035,0.7465,0.3908,2424.8554,6.0025
RR bajado (acierto 85-88 %),"ts24_xau(SL 0.5, 1:0.1) + hora_xau(SL 0.5, 1:0.12) + ts12_nq(SL 0.35, 1:0.12)",in-sample,100K,OFF,1050.0,0.5337,0.4662,26.0,0.1678,235.569,600.0,4500.0,4294.2416,2.035,0.7465,0.3908,2056.4825,8.7299
RR bajado (acierto 85-88 %),"ts24_xau(SL 0.5, 1:0.1) + hora_xau(SL 0.5, 1:0.12) + ts12_nq(SL 0.35, 1:0.12)",mitad,50K,ON,160.0,0.0,0.0175,nan,0.0,508.81,400.0,2000.0,923.965,0.938,0.4368,0.1285,-508.81,-1.0
RR bajado (acierto 85-88 %),"ts24_xau(SL 0.5, 1:0.1) + hora_xau(SL 0.5, 1:0.12) + ts12_nq(SL 0.35, 1:0.12)",mitad,50K,ON,200.0,0.0238,0.1892,105.0,0.0,481.8438,400.0,2000.0,923.965,0.938,0.4368,0.1285,-459.8996,-0.9545
RR bajado (acierto 85-88 %),"ts24_xau(SL 0.5, 1:0.1) + hora_xau(SL 0.5, 1:0.12) + ts12_nq(SL 0.35, 1:0.12)",mitad,50K,ON,300.0,0.2972,0.6242,66.0,0.004,275.655,400.0,2000.0,923.965,0.938,0.4368,0.1285,-1.0064,-0.0037
RR bajado (acierto 85-88 %),"ts24_xau(SL 0.5, 1:0.1) + hora_xau(SL 0.5, 1:0.12) + ts12_nq(SL 0.35, 1:0.12)",mitad,50K,ON,400.0,0.321,0.669,43.0,0.026,198.56,400.0,2000.0,923.965,0.938,0.4368,0.1285,98.0328,0.4937
RR bajado (acierto 85-88 %),"ts24_xau(SL 0.5, 1:0.1) + hora_xau(SL 0.5, 1:0.12) + ts12_nq(SL 0.35, 1:0.12)",mitad,50K,ON,500.0,0.3245,0.6722,37.0,0.047,169.9788,400.0,2000.0,923.965,0.938,0.4368,0.1285,129.8479,0.7639
RR bajado (acierto 85-88 %),"ts24_xau(SL 0.5, 1:0.1) + hora_xau(SL 0.5, 1:0.12) + ts12_nq(SL 0.35, 1:0.12)",mitad,50K,ON,700.0,0.302,0.698,23.0,0.1265,120.7425,400.0,2000.0,923.965,0.938,0.4368,0.1285,158.2949,1.311
RR bajado (acierto 85-88 %),"ts24_xau(SL 0.5, 1:0.1) + hora_xau(SL 0.5, 1:0.12) + ts12_nq(SL 0.35, 1:0.12)",mitad,50K,OFF,160.0,0.0,0.0175,nan,0.0,568.67,400.0,2000.0,928.259,0.943,0.4392,0.1298,-568.67,-1.0
RR bajado (acierto 85-88 %),"ts24_xau(SL 0.5, 1:0.1) + hora_xau(SL 0.5, 1:0.12) + ts12_nq(SL 0.35, 1:0.12)",mitad,50K,OFF,200.0,0.0238,0.1892,105.0,0.0,538.555,400.0,2000.0,928.259,0.943,0.4392,0.1298,-516.5088,-0.9591
RR bajado (acierto 85-88 %),"ts24_xau(SL 0.5, 1:0.1) + hora_xau(SL 0.5, 1:0.12) + ts12_nq(SL 0.35, 1:0.12)",mitad,50K,OFF,300.0,0.2998,0.6212,66.0,0.004,309.1062,400.0,2000.0,928.259,0.943,0.4392,0.1298,-30.8606,-0.0998
RR bajado (acierto 85-88 %),"ts24_xau(SL 0.5, 1:0.1) + hora_xau(SL 0.5, 1:0.12) + ts12_nq(SL 0.35, 1:0.12)",mitad,50K,OFF,400.0,0.325,0.6652,43.0,0.026,222.49,400.0,2000.0,928.259,0.943,0.4392,0.1298,79.1942,0.3559
RR bajado (acierto 85-88 %),"ts24_xau(SL 0.5, 1:0.1) + hora_xau(SL 0.5, 1:0.12) + ts12_nq(SL 0.35, 1:0.12)",mitad,50K,OFF,500.0,0.3305,0.667,37.0,0.0475,190.5462,400.0,2000.0,928.259,0.943,0.4392,0.1298,116.2434,0.6101
RR bajado (acierto 85-88 %),"ts24_xau(SL 0.5, 1:0.1) + hora_xau(SL 0.5, 1:0.12) + ts12_nq(SL 0.35, 1:0.12)",mitad,50K,OFF,700.0,0.3162,0.6838,23.0,0.1348,134.8762,400.0,2000.0,928.259,0.943,0.4392,0.1298,158.6857,1.1765
RR bajado (acierto 85-88 %),"ts24_xau(SL 0.5, 1:0.1) + hora_xau(SL 0.5, 1:0.12) + ts12_nq(SL 0.35, 1:0.12)",mitad,100K,ON,240.0,0.0015,0.1703,122.5,0.0,739.1378,600.0,3000.0,1356.5562,0.9438,0.452,0.1338,-737.1029,-0.9972
RR bajado (acierto 85-88 %),"ts24_xau(SL 0.5, 1:0.1) + hora_xau(SL 0.5, 1:0.12) + ts12_nq(SL 0.35, 1:0.12)",mitad,100K,ON,300.0,0.0465,0.3965,104.0,0.0,651.8048,600.0,3000.0,1356.5562,0.9438,0.452,0.1338,-588.7249,-0.9032
RR bajado (acierto 85-88 %),"ts24_xau(SL 0.5, 1:0.1) + hora_xau(SL 0.5, 1:0.12) + ts12_nq(SL 0.35, 1:0.12)",mitad,100K,ON,450.0,0.17,0.5722,90.0,0.0,532.0928,600.0,3000.0,1356.5562,0.9438,0.452,0.1338,-301.4782,-0.5666
RR bajado (acierto 85-88 %),"ts24_xau(SL 0.5, 1:0.1) + hora_xau(SL 0.5, 1:0.12) + ts12_nq(SL 0.35, 1:0.12)",mitad,100K,ON,600.0,0.2222,0.6508,79.0,0.0,443.76,600.0,3000.0,1356.5562,0.9438,0.452,0.1338,-142.2654,-0.3206
RR bajado (acierto 85-88 %),"ts24_xau(SL 0.5, 1:0.1) + hora_xau(SL 0.5, 1:0.12) + ts12_nq(SL 0.35, 1:0.12)",mitad,100K,ON,750.0,0.2482,0.7198,58.0,0.003,323.4675,600.0,3000.0,1356.5562,0.9438,0.452,0.1338,13.2976,0.0411
RR bajado (acierto 85-88 %),"ts24_xau(SL 0.5, 1:0.1) + hora_xau(SL 0.5, 1:0.12) + ts12_nq(SL 0.35, 1:0.12)",mitad,100K,ON,1050.0,0.243,0.7565,29.0,0.0618,192.2423,600.0,3000.0,1356.5562,0.9438,0.452,0.1338,137.4009,0.7147
RR bajado (acierto 85-88 %),"ts24_xau(SL 0.5, 1:0.1) + hora_xau(SL 0.5, 1:0.12) + ts12_nq(SL 0.35, 1:0.12)",mitad,100K,OFF,240.0,0.0015,0.1703,122.5,0.0,853.7328,600.0,3000.0,1357.259,0.9442,0.4525,0.1338,-851.6969,-0.9976
RR bajado (acierto 85-88 %),"ts24_xau(SL 0.5, 1:0.1) + hora_xau(SL 0.5, 1:0.12) + ts12_nq(SL 0.35, 1:0.12)",mitad,100K,OFF,300.0,0.0465,0.3965,104.0,0.0,752.8598,600.0,3000.0,1357.259,0.9442,0.4525,0.1338,-689.7472,-0.9162
RR bajado (acierto 85-88 %),"ts24_xau(SL 0.5, 1:0.1) + hora_xau(SL 0.5, 1:0.12) + ts12_nq(SL 0.35, 1:0.12)",mitad,100K,OFF,450.0,0.17,0.572,90.0,0.0,614.6622,600.0,3000.0,1357.259,0.9442,0.4525,0.1338,-383.9282,-0.6246
RR bajado (acierto 85-88 %),"ts24_xau(SL 0.5, 1:0.1) + hora_xau(SL 0.5, 1:0.12) + ts12_nq(SL 0.35, 1:0.12)",mitad,100K,OFF,600.0,0.2225,0.6498,79.0,0.0,512.709,600.0,3000.0,1357.259,0.9442,0.4525,0.1338,-210.7189,-0.411
RR bajado (acierto 85-88 %),"ts24_xau(SL 0.5, 1:0.1) + hora_xau(SL 0.5, 1:0.12) + ts12_nq(SL 0.35, 1:0.12)",mitad,100K,OFF,750.0,0.25,0.7188,58.0,0.003,374.3998,600.0,3000.0,1357.259,0.9442,0.4525,0.1338,-35.085,-0.0937
RR bajado (acierto 85-88 %),"ts24_xau(SL 0.5, 1:0.1) + hora_xau(SL 0.5, 1:0.12) + ts12_nq(SL 0.35, 1:0.12)",mitad,100K,OFF,1050.0,0.252,0.748,29.0,0.0638,221.6748,600.0,3000.0,1357.259,0.9442,0.4525,0.1338,120.3545,0.5429
RR bajado (acierto 85-88 %),"ts24_xau(SL 0.5, 1:0.1) + hora_xau(SL 0.5, 1:0.12) + ts12_nq(SL 0.35, 1:0.12)",sin ventaja,50K,ON,160.0,0.0,0.0485,nan,0.0,506.5788,400.0,1000.0,348.7506,0.5925,0.409,0.045,-506.5788,-1.0
RR bajado (acierto 85-88 %),"ts24_xau(SL 0.5, 1:0.1) + hora_xau(SL 0.5, 1:0.12) + ts12_nq(SL 0.35, 1:0.12)",sin ventaja,50K,ON,200.0,0.0028,0.4132,107.0,0.0,449.82,400.0,1000.0,348.7506,0.5925,0.409,0.045,-448.8609,-0.9979
RR bajado (acierto 85-88 %),"ts24_xau(SL 0.5, 1:0.1) + hora_xau(SL 0.5, 1:0.12) + ts12_nq(SL 0.35, 1:0.12)",sin ventaja,50K,ON,300.0,0.0798,0.8772,64.0,0.0002,232.9212,400.0,1000.0,348.7506,0.5925,0.409,0.045,-205.1084,-0.8806
RR bajado (acierto 85-88 %),"ts24_xau(SL 0.5, 1:0.1) + hora_xau(SL 0.5, 1:0.12) + ts12_nq(SL 0.35, 1:0.12)",sin ventaja,50K,ON,400.0,0.103,0.8928,47.0,0.006,172.7838,400.0,1000.0,348.7506,0.5925,0.409,0.045,-136.8624,-0.7921
RR bajado (acierto 85-88 %),"ts24_xau(SL 0.5, 1:0.1) + hora_xau(SL 0.5, 1:0.12) + ts12_nq(SL 0.35, 1:0.12)",sin ventaja,50K,ON,500.0,0.1108,0.8885,37.0,0.0127,150.11,400.0,1000.0,348.7506,0.5925,0.409,0.045,-111.4859,-0.7427
RR bajado (acierto 85-88 %),"ts24_xau(SL 0.5, 1:0.1) + hora_xau(SL 0.5, 1:0.12) + ts12_nq(SL 0.35, 1:0.12)",sin ventaja,50K,ON,700.0,0.124,0.876,23.0,0.0505,112.3912,400.0,1000.0,348.7506,0.5925,0.409,0.045,-69.1462,-0.6152
RR bajado (acierto 85-88 %),"ts24_xau(SL 0.5, 1:0.1) + hora_xau(SL 0.5, 1:0.12) + ts12_nq(SL 0.35, 1:0.12)",sin ventaja,50K,OFF,160.0,0.0,0.0485,nan,0.0,566.1762,400.0,1000.0,349.787,0.5945,0.4108,0.0452,-566.1762,-1.0
RR bajado (acierto 85-88 %),"ts24_xau(SL 0.5, 1:0.1) + hora_xau(SL 0.5, 1:0.12) + ts12_nq(SL 0.35, 1:0.12)",sin ventaja,50K,OFF,200.0,0.0028,0.4132,107.0,0.0,502.645,400.0,1000.0,349.787,0.5945,0.4108,0.0452,-501.6831,-0.9981
RR bajado (acierto 85-88 %),"ts24_xau(SL 0.5, 1:0.1) + hora_xau(SL 0.5, 1:0.12) + ts12_nq(SL 0.35, 1:0.12)",sin ventaja,50K,OFF,300.0,0.0795,0.8778,63.5,0.0002,260.0625,400.0,1000.0,349.787,0.5945,0.4108,0.0452,-232.2544,-0.8931
RR bajado (acierto 85-88 %),"ts24_xau(SL 0.5, 1:0.1) + hora_xau(SL 0.5, 1:0.12) + ts12_nq(SL 0.35, 1:0.12)",sin ventaja,50K,OFF,400.0,0.1052,0.8898,47.0,0.006,193.2062,400.0,1000.0,349.787,0.5945,0.4108,0.0452,-156.3912,-0.8095
RR bajado (acierto 85-88 %),"ts24_xau(SL 0.5, 1:0.1) + hora_xau(SL 0.5, 1:0.12) + ts12_nq(SL 0.35, 1:0.12)",sin ventaja,50K,OFF,500.0,0.113,0.8862,38.0,0.0127,168.53,400.0,1000.0,349.787,0.5945,0.4108,0.0452,-129.0041,-0.7655
RR bajado (acierto 85-88 %),"ts24_xau(SL 0.5, 1:0.1) + hora_xau(SL 0.5, 1:0.12) + ts12_nq(SL 0.35, 1:0.12)",sin ventaja,50K,OFF,700.0,0.1328,0.8672,23.0,0.053,125.9938,400.0,1000.0,349.787,0.5945,0.4108,0.0452,-79.5595,-0.6315
RR bajado (acierto 85-88 %),"ts24_xau(SL 0.5, 1:0.1) + hora_xau(SL 0.5, 1:0.12) + ts12_nq(SL 0.35, 1:0.12)",sin ventaja,100K,ON,240.0,0.0,0.4455,nan,0.0,675.7342,600.0,1500.0,484.5126,0.596,0.3898,0.049,-675.7342,-1.0
RR bajado (acierto 85-88 %),"ts24_xau(SL 0.5, 1:0.1) + hora_xau(SL 0.5, 1:0.12) + ts12_nq(SL 0.35, 1:0.12)",sin ventaja,100K,ON,300.0,0.0028,0.7282,105.0,0.0,539.9618,600.0,1500.0,484.5126,0.596,0.3898,0.049,-538.6293,-0.9975
RR bajado (acierto 85-88 %),"ts24_xau(SL 0.5, 1:0.1) + hora_xau(SL 0.5, 1:0.12) + ts12_nq(SL 0.35, 1:0.12)",sin ventaja,100K,ON,450.0,0.0175,0.878,91.0,0.0,410.736,600.0,1500.0,484.5126,0.596,0.3898,0.049,-402.257,-0.9794
RR bajado (acierto 85-88 %),"ts24_xau(SL 0.5, 1:0.1) + hora_xau(SL 0.5, 1:0.12) + ts12_nq(SL 0.35, 1:0.12)",sin ventaja,100K,ON,600.0,0.031,0.9165,84.0,0.0,342.2692,600.0,1500.0,484.5126,0.596,0.3898,0.049,-327.2494,-0.9561
RR bajado (acierto 85-88 %),"ts24_xau(SL 0.5, 1:0.1) + hora_xau(SL 0.5, 1:0.12) + ts12_nq(SL 0.35, 1:0.12)",sin ventaja,100K,ON,750.0,0.0532,0.934,58.0,0.0002,259.6125,600.0,1500.0,484.5126,0.596,0.3898,0.049,-233.8122,-0.9006
RR bajado (acierto 85-88 %),"ts24_xau(SL 0.5, 1:0.1) + hora_xau(SL 0.5, 1:0.12) + ts12_nq(SL 0.35, 1:0.12)",sin ventaja,100K,ON,1050.0,0.0855,0.9145,29.0,0.0192,171.4088,600.0,1500.0,484.5126,0.596,0.3898,0.049,-129.9829,-0.7583
RR bajado (acierto 85-88 %),"ts24_xau(SL 0.5, 1:0.1) + hora_xau(SL 0.5, 1:0.12) + ts12_nq(SL 0.35, 1:0.12)",sin ventaja,100K,OFF,240.0,0.0,0.4455,nan,0.0,780.4992,600.0,1500.0,484.5126,0.596,0.3898,0.049,-780.4992,-1.0
RR bajado (acierto 85-88 %),"ts24_xau(SL 0.5, 1:0.1) + hora_xau(SL 0.5, 1:0.12) + ts12_nq(SL 0.35, 1:0.12)",sin ventaja,100K,OFF,300.0,0.0028,0.7282,105.0,0.0,623.6768,600.0,1500.0,484.5126,0.596,0.3898,0.049,-622.3443,-0.9979
RR bajado (acierto 85-88 %),"ts24_xau(SL 0.5, 1:0.1) + hora_xau(SL 0.5, 1:0.12) + ts12_nq(SL 0.35, 1:0.12)",sin ventaja,100K,OFF,450.0,0.0175,0.878,91.0,0.0,474.5278,600.0,1500.0,484.5126,0.596,0.3898,0.049,-466.0488,-0.9821
RR bajado (acierto 85-88 %),"ts24_xau(SL 0.5, 1:0.1) + hora_xau(SL 0.5, 1:0.12) + ts12_nq(SL 0.35, 1:0.12)",sin ventaja,100K,OFF,600.0,0.0308,0.9162,84.0,0.0,395.2225,600.0,1500.0,484.5126,0.596,0.3898,0.049,-380.3237,-0.9623
RR bajado (acierto 85-88 %),"ts24_xau(SL 0.5, 1:0.1) + hora_xau(SL 0.5, 1:0.12) + ts12_nq(SL 0.35, 1:0.12)",sin ventaja,100K,OFF,750.0,0.053,0.9342,58.0,0.0002,299.8252,600.0,1500.0,484.5126,0.596,0.3898,0.049,-274.1461,-0.9144
RR bajado (acierto 85-88 %),"ts24_xau(SL 0.5, 1:0.1) + hora_xau(SL 0.5, 1:0.12) + ts12_nq(SL 0.35, 1:0.12)",sin ventaja,100K,OFF,1050.0,0.0885,0.9112,29.0,0.0192,198.7288,600.0,1500.0,484.5126,0.596,0.3898,0.049,-155.8494,-0.7842
RR optimizado,"ts24_xau(SL 0.35, 1:0.25) + hora_xau(SL 0.5, 1:0.5) + ts12_nq(SL 0.35, 1:0.35)",in-sample,50K,ON,160.0,0.113,0.0748,102.0,0.0,492.1712,400.0,3000.0,3929.9395,2.5982,0.6428,0.4135,-48.0881,-0.0977
RR optimizado,"ts24_xau(SL 0.35, 1:0.25) + hora_xau(SL 0.5, 1:0.5) + ts12_nq(SL 0.35, 1:0.35)",in-sample,50K,ON,200.0,0.5742,0.2045,75.0,0.0028,367.5612,400.0,3000.0,3929.9395,2.5982,0.6428,0.4135,1889.2065,5.1398
RR optimizado,"ts24_xau(SL 0.35, 1:0.25) + hora_xau(SL 0.5, 1:0.5) + ts12_nq(SL 0.35, 1:0.35)",in-sample,50K,ON,300.0,0.6945,0.305,33.0,0.1448,176.8212,400.0,3000.0,3929.9395,2.5982,0.6428,0.4135,2552.5217,14.4356
RR optimizado,"ts24_xau(SL 0.35, 1:0.25) + hora_xau(SL 0.5, 1:0.5) + ts12_nq(SL 0.35, 1:0.35)",in-sample,50K,ON,400.0,0.6545,0.3452,24.0,0.2632,137.7425,400.0,3000.0,3929.9395,2.5982,0.6428,0.4135,2434.4029,17.6736
RR optimizado,"ts24_xau(SL 0.35, 1:0.25) + hora_xau(SL 0.5, 1:0.5) + ts12_nq(SL 0.35, 1:0.35)",in-sample,50K,ON,500.0,0.6132,0.3868,19.0,0.3432,117.385,400.0,3000.0,3929.9395,2.5982,0.6428,0.4135,2292.6504,19.531
RR optimizado,"ts24_xau(SL 0.35, 1:0.25) + hora_xau(SL 0.5, 1:0.5) + ts12_nq(SL 0.35, 1:0.35)",in-sample,50K,ON,700.0,0.4905,0.5095,11.0,0.4302,92.0975,400.0,3000.0,3929.9395,2.5982,0.6428,0.4135,1835.5378,19.9304
RR optimizado,"ts24_xau(SL 0.35, 1:0.25) + hora_xau(SL 0.5, 1:0.5) + ts12_nq(SL 0.35, 1:0.35)",in-sample,50K,OFF,160.0,0.113,0.0748,102.0,0.0,550.0738,400.0,3000.0,4073.2054,2.6925,0.6522,0.4258,-89.8015,-0.1633
RR optimizado,"ts24_xau(SL 0.35, 1:0.25) + hora_xau(SL 0.5, 1:0.5) + ts12_nq(SL 0.35, 1:0.35)",in-sample,50K,OFF,200.0,0.5742,0.204,75.0,0.0028,410.8988,400.0,3000.0,4073.2054,2.6925,0.6522,0.4258,1928.1394,4.6925
RR optimizado,"ts24_xau(SL 0.35, 1:0.25) + hora_xau(SL 0.5, 1:0.5) + ts12_nq(SL 0.35, 1:0.35)",in-sample,50K,OFF,300.0,0.6978,0.3018,33.0,0.1465,197.1725,400.0,3000.0,4073.2054,2.6925,0.6522,0.4258,2644.9065,13.4142
RR optimizado,"ts24_xau(SL 0.35, 1:0.25) + hora_xau(SL 0.5, 1:0.5) + ts12_nq(SL 0.35, 1:0.35)",in-sample,50K,OFF,400.0,0.6575,0.3425,24.0,0.2662,152.475,400.0,3000.0,4073.2054,2.6925,0.6522,0.4258,2525.6575,16.5644
RR optimizado,"ts24_xau(SL 0.35, 1:0.25) + hora_xau(SL 0.5, 1:0.5) + ts12_nq(SL 0.35, 1:0.35)",in-sample,50K,OFF,500.0,0.6182,0.3818,19.0,0.3495,129.865,400.0,3000.0,4073.2054,2.6925,0.6522,0.4258,2388.3942,18.3914
RR optimizado,"ts24_xau(SL 0.35, 1:0.25) + hora_xau(SL 0.5, 1:0.5) + ts12_nq(SL 0.35, 1:0.35)",in-sample,50K,OFF,700.0,0.514,0.486,11.0,0.4515,102.2675,400.0,3000.0,4073.2054,2.6925,0.6522,0.4258,1991.3601,19.4721
RR optimizado,"ts24_xau(SL 0.35, 1:0.25) + hora_xau(SL 0.5, 1:0.5) + ts12_nq(SL 0.35, 1:0.35)",in-sample,100K,ON,240.0,0.4172,0.117,94.0,0.0,674.412,600.0,4500.0,6168.3303,2.801,0.69,0.4635,1899.3238,2.8163
RR optimizado,"ts24_xau(SL 0.35, 1:0.25) + hora_xau(SL 0.5, 1:0.5) + ts12_nq(SL 0.35, 1:0.35)",in-sample,100K,ON,300.0,0.6718,0.1658,75.0,0.0012,541.413,600.0,4500.0,6168.3303,2.801,0.69,0.4635,3602.1629,6.6533
RR optimizado,"ts24_xau(SL 0.35, 1:0.25) + hora_xau(SL 0.5, 1:0.5) + ts12_nq(SL 0.35, 1:0.35)",in-sample,100K,ON,450.0,0.7445,0.2265,54.0,0.0148,396.9975,600.0,4500.0,6168.3303,2.801,0.69,0.4635,4195.3244,10.5676
RR optimizado,"ts24_xau(SL 0.35, 1:0.25) + hora_xau(SL 0.5, 1:0.5) + ts12_nq(SL 0.35, 1:0.35)",in-sample,100K,ON,600.0,0.6758,0.3188,39.0,0.0665,292.443,600.0,4500.0,6168.3303,2.801,0.69,0.4635,3875.8062,13.2532
RR optimizado,"ts24_xau(SL 0.35, 1:0.25) + hora_xau(SL 0.5, 1:0.5) + ts12_nq(SL 0.35, 1:0.35)",in-sample,100K,ON,750.0,0.5825,0.4172,27.0,0.1778,212.0438,600.0,4500.0,6168.3303,2.801,0.69,0.4635,3381.0086,15.9449
RR optimizado,"ts24_xau(SL 0.35, 1:0.25) + hora_xau(SL 0.5, 1:0.5) + ts12_nq(SL 0.35, 1:0.35)",in-sample,100K,ON,1050.0,0.4555,0.5445,14.0,0.3555,144.738,600.0,4500.0,6168.3303,2.801,0.69,0.4635,2664.9364,18.4121
RR optimizado,"ts24_xau(SL 0.35, 1:0.25) + hora_xau(SL 0.5, 1:0.5) + ts12_nq(SL 0.35, 1:0.35)",in-sample,100K,OFF,240.0,0.4172,0.117,94.0,0.0,778.972,600.0,4500.0,6201.1743,2.8148,0.6908,0.4662,1808.468,2.3216
RR optimizado,"ts24_xau(SL 0.35, 1:0.25) + hora_xau(SL 0.5, 1:0.5) + ts12_nq(SL 0.35, 1:0.35)",in-sample,100K,OFF,300.0,0.6718,0.1658,75.0,0.0012,625.353,600.0,4500.0,6201.1743,2.8148,0.6908,0.4662,3540.2858,5.6613
RR optimizado,"ts24_xau(SL 0.35, 1:0.25) + hora_xau(SL 0.5, 1:0.5) + ts12_nq(SL 0.35, 1:0.35)",in-sample,100K,OFF,450.0,0.7452,0.2258,54.0,0.0148,458.8455,600.0,4500.0,6201.1743,2.8148,0.6908,0.4662,4162.5796,9.0719
RR optimizado,"ts24_xau(SL 0.35, 1:0.25) + hora_xau(SL 0.5, 1:0.5) + ts12_nq(SL 0.35, 1:0.35)",in-sample,100K,OFF,600.0,0.6768,0.318,39.0,0.0665,337.5595,600.0,4500.0,6201.1743,2.8148,0.6908,0.4662,3859.0852,11.4323
RR optimizado,"ts24_xau(SL 0.35, 1:0.25) + hora_xau(SL 0.5, 1:0.5) + ts12_nq(SL 0.35, 1:0.35)",in-sample,100K,OFF,750.0,0.5863,0.4135,27.0,0.1785,245.8128,600.0,4500.0,6201.1743,2.8148,0.6908,0.4662,3389.6257,13.7895
RR optimizado,"ts24_xau(SL 0.35, 1:0.25) + hora_xau(SL 0.5, 1:0.5) + ts12_nq(SL 0.35, 1:0.35)",in-sample,100K,OFF,1050.0,0.4658,0.5342,14.0,0.3652,166.2095,600.0,4500.0,6201.1743,2.8148,0.6908,0.4662,2721.9874,16.3768
RR optimizado,"ts24_xau(SL 0.35, 1:0.25) + hora_xau(SL 0.5, 1:0.5) + ts12_nq(SL 0.35, 1:0.35)",mitad,50K,ON,160.0,0.0418,0.1592,102.0,0.0,486.3275,400.0,3000.0,1640.1007,1.1055,0.4282,0.1745,-417.8533,-0.8592
RR optimizado,"ts24_xau(SL 0.35, 1:0.25) + hora_xau(SL 0.5, 1:0.5) + ts12_nq(SL 0.35, 1:0.35)",mitad,50K,ON,200.0,0.2915,0.434,78.0,0.0008,371.025,400.0,3000.0,1640.1007,1.1055,0.4282,0.1745,107.0644,0.2886
RR optimizado,"ts24_xau(SL 0.35, 1:0.25) + hora_xau(SL 0.5, 1:0.5) + ts12_nq(SL 0.35, 1:0.35)",mitad,50K,ON,300.0,0.4525,0.5442,38.0,0.0672,186.4262,400.0,3000.0,1640.1007,1.1055,0.4282,0.1745,555.7193,2.9809
RR optimizado,"ts24_xau(SL 0.35, 1:0.25) + hora_xau(SL 0.5, 1:0.5) + ts12_nq(SL 0.35, 1:0.35)",mitad,50K,ON,400.0,0.4298,0.5702,26.0,0.1438,142.205,400.0,3000.0,1640.1007,1.1055,0.4282,0.1745,562.6283,3.9565
RR optimizado,"ts24_xau(SL 0.35, 1:0.25) + hora_xau(SL 0.5, 1:0.5) + ts12_nq(SL 0.35, 1:0.35)",mitad,50K,ON,500.0,0.413,0.587,21.0,0.2055,120.1475,400.0,3000.0,1640.1007,1.1055,0.4282,0.1745,557.2141,4.6378
RR optimizado,"ts24_xau(SL 0.35, 1:0.25) + hora_xau(SL 0.5, 1:0.5) + ts12_nq(SL 0.35, 1:0.35)",mitad,50K,ON,700.0,0.3448,0.6552,12.0,0.2912,92.225,400.0,3000.0,1640.1007,1.1055,0.4282,0.1745,473.1997,5.1309
RR optimizado,"ts24_xau(SL 0.35, 1:0.25) + hora_xau(SL 0.5, 1:0.5) + ts12_nq(SL 0.35, 1:0.35)",mitad,50K,OFF,160.0,0.0418,0.1592,102.0,0.0,543.5425,400.0,3000.0,1685.799,1.1348,0.4325,0.1778,-473.1604,-0.8705
RR optimizado,"ts24_xau(SL 0.35, 1:0.25) + hora_xau(SL 0.5, 1:0.5) + ts12_nq(SL 0.35, 1:0.35)",mitad,50K,OFF,200.0,0.292,0.4338,78.0,0.0008,414.865,400.0,3000.0,1685.799,1.1348,0.4325,0.1778,77.3883,0.1865
RR optimizado,"ts24_xau(SL 0.35, 1:0.25) + hora_xau(SL 0.5, 1:0.5) + ts12_nq(SL 0.35, 1:0.35)",mitad,50K,OFF,300.0,0.4585,0.5387,38.0,0.0678,209.2375,400.0,3000.0,1685.799,1.1348,0.4325,0.1778,563.7013,2.6941
RR optimizado,"ts24_xau(SL 0.35, 1:0.25) + hora_xau(SL 0.5, 1:0.5) + ts12_nq(SL 0.35, 1:0.35)",mitad,50K,OFF,400.0,0.4418,0.5578,26.0,0.1468,159.0062,400.0,3000.0,1685.799,1.1348,0.4325,0.1778,585.6955,3.6835
RR optimizado,"ts24_xau(SL 0.35, 1:0.25) + hora_xau(SL 0.5, 1:0.5) + ts12_nq(SL 0.35, 1:0.35)",mitad,50K,OFF,500.0,0.42,0.58,20.0,0.2105,133.665,400.0,3000.0,1685.799,1.1348,0.4325,0.1778,574.3706,4.2971
RR optimizado,"ts24_xau(SL 0.35, 1:0.25) + hora_xau(SL 0.5, 1:0.5) + ts12_nq(SL 0.35, 1:0.35)",mitad,50K,OFF,700.0,0.3572,0.6428,12.0,0.3113,101.9825,400.0,3000.0,1685.799,1.1348,0.4325,0.1778,500.2692,4.9054
RR optimizado,"ts24_xau(SL 0.35, 1:0.25) + hora_xau(SL 0.5, 1:0.5) + ts12_nq(SL 0.35, 1:0.35)",mitad,100K,ON,240.0,0.1383,0.3132,102.0,0.0,665.8658,600.0,4500.0,2557.1298,1.1725,0.4485,0.1948,-312.3426,-0.4691
RR optimizado,"ts24_xau(SL 0.35, 1:0.25) + hora_xau(SL 0.5, 1:0.5) + ts12_nq(SL 0.35, 1:0.35)",mitad,100K,ON,300.0,0.3123,0.4128,84.0,0.0,557.8928,600.0,4500.0,2557.1298,1.1725,0.4485,0.1948,240.571,0.4312
RR optimizado,"ts24_xau(SL 0.35, 1:0.25) + hora_xau(SL 0.5, 1:0.5) + ts12_nq(SL 0.35, 1:0.35)",mitad,100K,ON,450.0,0.4205,0.5058,64.0,0.0035,414.477,600.0,4500.0,2557.1298,1.1725,0.4485,0.1948,660.7961,1.5943
RR optimizado,"ts24_xau(SL 0.35, 1:0.25) + hora_xau(SL 0.5, 1:0.5) + ts12_nq(SL 0.35, 1:0.35)",mitad,100K,ON,600.0,0.4042,0.5838,45.0,0.0238,297.5385,600.0,4500.0,2557.1298,1.1725,0.4485,0.1948,736.1812,2.4742
RR optimizado,"ts24_xau(SL 0.35, 1:0.25) + hora_xau(SL 0.5, 1:0.5) + ts12_nq(SL 0.35, 1:0.35)",mitad,100K,ON,750.0,0.3512,0.648,29.0,0.0867,210.1088,600.0,4500.0,2557.1298,1.1725,0.4485,0.1948,688.0831,3.2749
RR optimizado,"ts24_xau(SL 0.35, 1:0.25) + hora_xau(SL 0.5, 1:0.5) + ts12_nq(SL 0.35, 1:0.35)",mitad,100K,ON,1050.0,0.297,0.703,15.0,0.2208,144.48,600.0,4500.0,2557.1298,1.1725,0.4485,0.1948,614.9875,4.2566
RR optimizado,"ts24_xau(SL 0.35, 1:0.25) + hora_xau(SL 0.5, 1:0.5) + ts12_nq(SL 0.35, 1:0.35)",mitad,100K,OFF,240.0,0.1383,0.3132,102.0,0.0,769.1007,600.0,4500.0,2560.8447,1.1745,0.4492,0.1948,-415.064,-0.5397
RR optimizado,"ts24_xau(SL 0.35, 1:0.25) + hora_xau(SL 0.5, 1:0.5) + ts12_nq(SL 0.35, 1:0.35)",mitad,100K,OFF,300.0,0.3123,0.4128,84.0,0.0,644.3878,600.0,4500.0,2560.8447,1.1745,0.4492,0.1948,155.236,0.2409
RR optimizado,"ts24_xau(SL 0.35, 1:0.25) + hora_xau(SL 0.5, 1:0.5) + ts12_nq(SL 0.35, 1:0.35)",mitad,100K,OFF,450.0,0.421,0.5055,64.0,0.0035,478.9978,600.0,4500.0,2560.8447,1.1745,0.4492,0.1948,599.1179,1.2508
RR optimizado,"ts24_xau(SL 0.35, 1:0.25) + hora_xau(SL 0.5, 1:0.5) + ts12_nq(SL 0.35, 1:0.35)",mitad,100K,OFF,600.0,0.406,0.582,45.0,0.0238,344.1155,600.0,4500.0,2560.8447,1.1745,0.4492,0.1948,695.5875,2.0214
RR optimizado,"ts24_xau(SL 0.35, 1:0.25) + hora_xau(SL 0.5, 1:0.5) + ts12_nq(SL 0.35, 1:0.35)",mitad,100K,OFF,750.0,0.3572,0.6422,29.0,0.0875,242.9445,600.0,4500.0,2560.8447,1.1745,0.4492,0.1948,671.9173,2.7657
RR optimizado,"ts24_xau(SL 0.35, 1:0.25) + hora_xau(SL 0.5, 1:0.5) + ts12_nq(SL 0.35, 1:0.35)",mitad,100K,OFF,1050.0,0.308,0.692,15.0,0.2308,165.9488,600.0,4500.0,2560.8447,1.1745,0.4492,0.1948,622.7914,3.7529
RR optimizado,"ts24_xau(SL 0.35, 1:0.25) + hora_xau(SL 0.5, 1:0.5) + ts12_nq(SL 0.35, 1:0.35)",sin ventaja,50K,ON,160.0,0.0102,0.3115,111.0,0.0,466.9688,400.0,2000.0,541.7907,0.509,0.2978,0.0505,-461.4154,-0.9881
RR optimizado,"ts24_xau(SL 0.35, 1:0.25) + hora_xau(SL 0.5, 1:0.5) + ts12_nq(SL 0.35, 1:0.35)",sin ventaja,50K,ON,200.0,0.0952,0.6985,79.0,0.0,332.52,400.0,2000.0,541.7907,0.509,0.2978,0.0505,-280.9144,-0.8448
RR optimizado,"ts24_xau(SL 0.35, 1:0.25) + hora_xau(SL 0.5, 1:0.5) + ts12_nq(SL 0.35, 1:0.35)",sin ventaja,50K,ON,300.0,0.189,0.8082,38.0,0.0275,167.1312,400.0,2000.0,541.7907,0.509,0.2978,0.0505,-64.7328,-0.3873
RR optimizado,"ts24_xau(SL 0.35, 1:0.25) + hora_xau(SL 0.5, 1:0.5) + ts12_nq(SL 0.35, 1:0.35)",sin ventaja,50K,ON,400.0,0.191,0.809,28.0,0.057,131.2825,400.0,2000.0,541.7907,0.509,0.2978,0.0505,-27.8005,-0.2118
RR optimizado,"ts24_xau(SL 0.35, 1:0.25) + hora_xau(SL 0.5, 1:0.5) + ts12_nq(SL 0.35, 1:0.35)",sin ventaja,50K,ON,500.0,0.1955,0.8045,21.0,0.0932,113.4325,400.0,2000.0,541.7907,0.509,0.2978,0.0505,-7.5124,-0.0662
RR optimizado,"ts24_xau(SL 0.35, 1:0.25) + hora_xau(SL 0.5, 1:0.5) + ts12_nq(SL 0.35, 1:0.35)",sin ventaja,50K,ON,700.0,0.1918,0.8082,12.0,0.1578,91.375,400.0,2000.0,541.7907,0.509,0.2978,0.0505,12.5134,0.1369
RR optimizado,"ts24_xau(SL 0.35, 1:0.25) + hora_xau(SL 0.5, 1:0.5) + ts12_nq(SL 0.35, 1:0.35)",sin ventaja,50K,OFF,160.0,0.0102,0.3115,111.0,0.0,521.9062,400.0,2000.0,566.0721,0.5298,0.3045,0.054,-516.104,-0.9889
RR optimizado,"ts24_xau(SL 0.35, 1:0.25) + hora_xau(SL 0.5, 1:0.5) + ts12_nq(SL 0.35, 1:0.35)",sin ventaja,50K,OFF,200.0,0.0955,0.6982,79.0,0.0,371.45,400.0,2000.0,566.0721,0.5298,0.3045,0.054,-317.3901,-0.8545
RR optimizado,"ts24_xau(SL 0.35, 1:0.25) + hora_xau(SL 0.5, 1:0.5) + ts12_nq(SL 0.35, 1:0.35)",sin ventaja,50K,OFF,300.0,0.1898,0.8078,38.0,0.0275,187.245,400.0,2000.0,566.0721,0.5298,0.3045,0.054,-79.8328,-0.4264
RR optimizado,"ts24_xau(SL 0.35, 1:0.25) + hora_xau(SL 0.5, 1:0.5) + ts12_nq(SL 0.35, 1:0.35)",sin ventaja,50K,OFF,400.0,0.1962,0.8038,28.0,0.0575,147.345,400.0,2000.0,566.0721,0.5298,0.3045,0.054,-36.2533,-0.246
RR optimizado,"ts24_xau(SL 0.35, 1:0.25) + hora_xau(SL 0.5, 1:0.5) + ts12_nq(SL 0.35, 1:0.35)",sin ventaja,50K,OFF,500.0,0.1985,0.8015,21.0,0.095,127.68,400.0,2000.0,566.0721,0.5298,0.3045,0.054,-15.3147,-0.1199
RR optimizado,"ts24_xau(SL 0.35, 1:0.25) + hora_xau(SL 0.5, 1:0.5) + ts12_nq(SL 0.35, 1:0.35)",sin ventaja,50K,OFF,700.0,0.2055,0.7945,12.0,0.1727,100.8662,400.0,2000.0,566.0721,0.5298,0.3045,0.054,15.4616,0.1533
RR optimizado,"ts24_xau(SL 0.35, 1:0.25) + hora_xau(SL 0.5, 1:0.5) + ts12_nq(SL 0.35, 1:0.35)",sin ventaja,100K,ON,240.0,0.0188,0.638,103.0,0.0,570.2768,600.0,3000.0,809.5923,0.5292,0.303,0.0565,-555.0969,-0.9734
RR optimizado,"ts24_xau(SL 0.35, 1:0.25) + hora_xau(SL 0.5, 1:0.5) + ts12_nq(SL 0.35, 1:0.35)",sin ventaja,100K,ON,300.0,0.0568,0.7698,82.0,0.0,463.6905,600.0,3000.0,809.5923,0.5292,0.303,0.0565,-417.7461,-0.9009
RR optimizado,"ts24_xau(SL 0.35, 1:0.25) + hora_xau(SL 0.5, 1:0.5) + ts12_nq(SL 0.35, 1:0.35)",sin ventaja,100K,ON,450.0,0.1108,0.8382,69.0,0.001,342.4628,600.0,3000.0,809.5923,0.5292,0.303,0.0565,-252.8004,-0.7382
RR optimizado,"ts24_xau(SL 0.35, 1:0.25) + hora_xau(SL 0.5, 1:0.5) + ts12_nq(SL 0.35, 1:0.35)",sin ventaja,100K,ON,600.0,0.1345,0.8612,49.0,0.0052,249.486,600.0,3000.0,809.5923,0.5292,0.303,0.0565,-140.5958,-0.5635
RR optimizado,"ts24_xau(SL 0.35, 1:0.25) + hora_xau(SL 0.5, 1:0.5) + ts12_nq(SL 0.35, 1:0.35)",sin ventaja,100K,ON,750.0,0.1407,0.859,30.0,0.0315,186.4372,600.0,3000.0,809.5923,0.5292,0.303,0.0565,-72.4871,-0.3888
RR optimizado,"ts24_xau(SL 0.35, 1:0.25) + hora_xau(SL 0.5, 1:0.5) + ts12_nq(SL 0.35, 1:0.35)",sin ventaja,100K,ON,1050.0,0.1458,0.8542,15.0,0.1078,140.5778,600.0,3000.0,809.5923,0.5292,0.303,0.0565,-22.5797,-0.1606
RR optimizado,"ts24_xau(SL 0.35, 1:0.25) + hora_xau(SL 0.5, 1:0.5) + ts12_nq(SL 0.35, 1:0.35)",sin ventaja,100K,OFF,240.0,0.0188,0.638,103.0,0.0,658.6918,600.0,3000.0,814.2682,0.5325,0.3048,0.0565,-643.4242,-0.9768
RR optimizado,"ts24_xau(SL 0.35, 1:0.25) + hora_xau(SL 0.5, 1:0.5) + ts12_nq(SL 0.35, 1:0.35)",sin ventaja,100K,OFF,300.0,0.0568,0.7698,82.0,0.0,535.5805,600.0,3000.0,814.2682,0.5325,0.3048,0.0565,-489.3708,-0.9137
RR optimizado,"ts24_xau(SL 0.35, 1:0.25) + hora_xau(SL 0.5, 1:0.5) + ts12_nq(SL 0.35, 1:0.35)",sin ventaja,100K,OFF,450.0,0.1108,0.8385,69.0,0.001,395.3342,600.0,3000.0,814.2682,0.5325,0.3048,0.0565,-305.154,-0.7719
RR optimizado,"ts24_xau(SL 0.35, 1:0.25) + hora_xau(SL 0.5, 1:0.5) + ts12_nq(SL 0.35, 1:0.35)",sin ventaja,100K,OFF,600.0,0.1352,0.8605,49.0,0.0052,288.464,600.0,3000.0,814.2682,0.5325,0.3048,0.0565,-178.3342,-0.6182
RR optimizado,"ts24_xau(SL 0.35, 1:0.25) + hora_xau(SL 0.5, 1:0.5) + ts12_nq(SL 0.35, 1:0.35)",sin ventaja,100K,OFF,750.0,0.1412,0.8585,30.0,0.0315,215.8265,600.0,3000.0,814.2682,0.5325,0.3048,0.0565,-100.8111,-0.4671
RR optimizado,"ts24_xau(SL 0.35, 1:0.25) + hora_xau(SL 0.5, 1:0.5) + ts12_nq(SL 0.35, 1:0.35)",sin ventaja,100K,OFF,1050.0,0.1505,0.8495,15.0,0.1105,162.0002,600.0,3000.0,814.2682,0.5325,0.3048,0.0565,-39.4529,-0.2435
