sl_ticks,0.5,0.75,1.0,1.25,1.5,1.75,2.0,2.25,2.5
200,1076.0,1735.0,2459.0,2331.0,3036.0,3100.0,3951.0,5069.0,5636.0
250,847.0,1818.0,1735.0,2669.0,2770.0,3988.0,4428.0,3933.0,3182.0
300,1900.0,1964.0,2981.0,3411.0,4739.0,4492.0,5050.0,3741.0,2935.0
350,2541.0,2624.0,2724.0,3594.0,3576.0,3265.0,3539.0,2422.0,2083.0
400,2505.0,2834.0,3594.0,3951.0,4263.0,3677.0,2624.0,2358.0,2624.0
450,2422.0,3182.0,4217.0,4153.0,3457.0,2477.0,1864.0,2129.0,2276.0
500,2440.0,2871.0,3640.0,3329.0,2129.0,1589.0,1671.0,1864.0,2147.0
550,1864.0,2724.0,2935.0,2230.0,1525.0,1607.0,1470.0,1470.0,929.0
600,1772.0,2459.0,2605.0,1158.0,618.0,636.0,884.0,389.0,517.0
