id,rr,fuente,ops,ops_dia,wr,wr_estimado,pf,beneficio,dd,rf,meses,t,s,tp,peor,pnl_eur,pnl_pct,coste_pct,ev_in,ev_mitad,familia,sl,k,tipo
TSM-B,1.0,informe,219,0.8830645161290323,0.5982,False,1.52,42088.9,6000.0,7.014816666666667,1.0,0.20773333333333333,0.3465,0.44576666666666664,,4208.89,42.0889,1.980256700520164,3599.625623420604,791.7382492466592,manual,450,1.0,manual
"TSM-B 0,95",0.95,"modelo (entre RR 1,00 y 0,75 reales)",219,0.8830645161290323,0.607759638094466,True,1.544928769027715,40061.483772454296,6076.335668211987,6.593033360884542,,0.19625,0.33958333333333335,0.46416666666666667,,4006.1483772454294,40.061483772454295,1.9416326627628635,3246.3746511228305,684.4824325751564,manual,450,0.95,manual
"TSM-B 0,9",0.9,"modelo (entre RR 1,00 y 0,75 reales)",219,0.8830645161290323,0.6177066355046487,True,1.5266830681278647,37783.128253814255,6104.672163571375,6.18921495560054,,0.1857,0.33205,0.48225,,3778.3128253814257,37.783128253814255,1.8658840590203551,3069.8818409407027,663.4440473646441,manual,450,0.9,manual
"TSM-B 0,85",0.85,"modelo (entre RR 1,00 y 0,75 reales)",219,0.8830645161290323,0.6289521583078803,True,1.51488719991756,35889.475495710474,5808.761770640062,6.178507040366339,,0.17425,0.32345,0.5023,,3588.947549571047,35.88947549571047,1.8833122449478799,2850.4608862970863,905.3684437422805,manual,450,0.85,manual
"TSM-B 0,8",0.8,"modelo (entre RR 1,00 y 0,75 reales)",219,0.8830645161290323,0.6402495211655507,True,1.4963269252775104,33557.865073229295,6217.478378540751,5.3973432684626985,,0.1631,0.31445,0.52245,,3355.7865073229295,33.557865073229294,1.9151581639663129,2930.408304016814,638.2491244227742,manual,450,0.8,manual
"TSM-B 0,75",0.75,mapa del informe,219,0.8830645161290323,0.653699737295824,True,1.4883217208304271,31820.0,6131.021194605009,5.19,,0.1518,0.304,0.5442,,3182.0,31.82,1.8801532588183214,2565.055325322848,492.7922832147526,manual,450,0.75,manual
"TSM-B 0,5",0.5,mapa del informe,219,0.8830645161290323,0.7353449997621939,True,1.4837706401801851,24220.0,5542.334096109839,4.37,,0.0958,0.23773333333333332,0.6664666666666667,,2422.0,24.22,1.9074760282583236,2186.697185116213,439.5387135917246,manual,450,0.5,manual
"TSM-B 0,35",0.35,"modelo (desde RR 0,50 real)",219,0.8830645161290323,0.8003943221104566,True,1.5371218311852195,20386.763368574604,4574.463340844082,4.456645916592443,,0.0624,0.18283333333333332,0.7547666666666667,,2038.6763368574605,20.386763368574606,1.886548326890537,1812.8346254898756,450.33317820370803,manual,450,0.35,manual
"TSM-B 0,25",0.25,"modelo (desde RR 0,50 real)",219,0.8830645161290323,0.8504398079732831,True,1.5728302474663387,16390.980822681457,4163.841440932192,3.9365045608009224,,0.04111666666666667,0.13953333333333334,0.81935,,1639.0980822681458,16.39098082268146,1.8296806007085302,1349.0045801108217,253.1933501731737,manual,450,0.25,manual
"TSM-B 0,15",0.15,"modelo (desde RR 0,50 real)",219,0.8830645161290323,0.9063558725218098,True,1.6073016386715857,11020.420225066588,3308.719256552163,3.3307208531649097,,0.021483333333333333,0.08993333333333334,0.8885833333333333,,1102.0420225066587,11.020420225066587,1.8264570973426415,759.362061521648,54.485993506650516,manual,450,0.15,manual
"TSM-B 0,1",0.1,"modelo (desde RR 0,50 real)",219,0.8830645161290323,0.9368797462255628,True,1.6458587715017297,7958.959093150921,2774.7003360919025,2.8684031171311712,,0.0133,0.061566666666666665,0.9251333333333334,,795.8959093150921,7.958959093150921,1.8456401742705675,232.88534946670944,-53.93588799545961,manual,450,0.1,manual
