rr,costes,acierto,p_t,p_sl,p_tp,ev_r,pf,pnl_eur,pnl_pct,dd_eur,racha_sl,racha_sl_p95,racha_perd,racha_perd_p95,racha_tp,racha_tp_p95,pnl_mapa_eur
1.0,sin costes (como el informe),0.55505,0.2046,0.348125,0.447275,0.10516033466168613,1.276372376991096,2303.011329090926,23.030113290909263,898.9292525028283,5.0,7.0,6.0,9.0,6.0,9.0,4217.0
1.0,futuros Topstep,0.553425,0.205125,0.348375,0.4465,0.09643175599539715,1.2506268017664666,2111.8554562991976,21.118554562991974,915.057515645311,5.0,7.0,6.0,9.0,6.0,9.0,
0.75,sin costes (como el informe),0.61175,0.149575,0.30595,0.544475,0.09315032146994671,1.2792634247456873,2039.992040191833,20.39992040191833,797.335541416446,4.0,6.0,5.0,8.0,8.0,12.0,3182.0
0.75,futuros Topstep,0.61015,0.150125,0.306375,0.5435,0.08446506510403597,1.2502810283701844,1849.7849257783876,18.497849257783876,833.7050202972254,4.0,6.0,5.0,8.0,8.0,12.0,
0.5,sin costes (como el informe),0.699325,0.093675,0.2389,0.667425,0.07980340305534334,1.307384803011247,1747.694526912019,17.47694526912019,653.9445617502594,3.0,5.0,4.0,6.0,11.0,17.0,2422.0
0.5,futuros Topstep,0.697625,0.094225,0.2397,0.666075,0.0709772775417083,1.2697186947361927,1554.4023781634116,15.544023781634117,643.8619476977966,3.0,5.0,4.0,6.0,11.0,17.0,
0.35,sin costes (como el informe),0.768625,0.06195,0.1847,0.75335,0.06511280615702891,1.324752732702766,1425.9704548389332,14.259704548389331,540.7427545596505,3.0,4.0,3.0,5.0,15.0,23.0,
0.35,futuros Topstep,0.767075,0.062325,0.1855,0.752175,0.05661721273055904,1.2782622223467033,1239.9169587992428,12.399169587992429,565.8331544357718,3.0,4.0,3.0,5.0,15.0,25.0,
0.25,sin costes (como el informe),0.823625,0.0413,0.14215,0.81655,0.050803518082444134,1.329946609076401,1112.5970460055266,11.125970460055266,475.0,2.0,4.0,3.0,4.0,20.0,33.0,
0.25,futuros Topstep,0.821825,0.04185,0.143275,0.814875,0.04208311734414756,1.2683500126975542,921.6202698368315,9.216202698368315,490.8634807632961,2.0,4.0,3.0,4.0,19.0,31.0,
0.15,sin costes (como el informe),0.887825,0.0231,0.09115,0.88575,0.03428675230236571,1.3474061117798333,750.8798754218092,7.508798754218091,364.99999999999994,2.0,3.0,2.0,3.0,29.0,49.0,
0.15,futuros Topstep,0.886125,0.02365,0.0922,0.88415,0.02595948066456965,1.257342304224834,568.5126265540754,5.685126265540753,391.37446424918363,2.0,3.0,2.0,3.0,29.0,49.049999999999955,
0.1,sin costes (como el informe),0.92365,0.014475,0.06255,0.922975,0.024534546952035566,1.3619243024117338,537.3065782495788,5.373065782495789,309.7074865556484,2.0,2.0,2.0,3.0,37.0,66.04999999999995,
0.1,futuros Topstep,0.922,0.01475,0.063875,0.921375,0.016126954437523447,1.2307454692242015,353.18030218176347,3.531803021817635,332.19930895606484,2.0,2.0,2.0,3.0,38.0,65.09999999999991,
