id,tipo,familia,sl,k,ops,ops_dia,wr,pf,beneficio,dd,rf,meses,t,s,tp,peor,ev_in,ev_mitad
Z10,original,ts24_xau,0.35,0.25,802.6333333333333,2.0065833333333334,0.7747622409568503,1.1893147038354748,23665.059902073062,8047.319017159587,2.940738381517025,0.6852631578947368,0.1306532663316583,0.11298226670542796,0.7563644669629137,-2.0214285714285714,705.0181,164.2628
Z10-b,bajado,ts24_xau,0.35,0.1,957.25,2.393125,0.9017846260990685,1.1770896088201586,12045.90158734401,6078.430079056896,1.9817455215694448,0.656140350877193,0.0477061025507095,0.05204143814747105,0.9002524593018194,-1.9285714285714284,286.4186,52.7028
Z13,original,ts24_xau,0.5,0.15,801.55,2.003875,0.8119268916474331,1.166441440436772,13329.688623029522,6544.300575120149,2.0368393031496415,0.6449122807017543,0.1493356621545755,0.051296446468301,0.7993678913771235,-1.7824671556345335,355.8012,83.6631
Z13-b,bajado,ts24_xau,0.5,0.1,878.9833333333333,2.1974583333333335,0.8685602684920078,1.1540307653030046,9651.616675375153,5500.694899799529,1.7546177076148877,0.6442105263157895,0.09856083733100741,0.03678492197425055,0.8646542406947421,-1.8250000000000002,224.6259,31.3256
Z13-o,optimizado,ts24_xau,0.5,0.2,740.7833333333333,1.8519583333333334,0.7654059891556235,1.1936172737493675,17521.329520054423,6549.973673026326,2.6750228924139985,0.6750877192982455,0.19927104191508987,0.06256890228811843,0.7381600557967917,-1.9173642450255848,504.3315,102.295
N02,original,ts12_nq,0.35,0.25,687.15,1.717875,0.7603143418467584,1.20815416747947,21530.466389069006,7138.495417593013,3.016107054717244,0.6910526315789474,0.16643624633146573,0.09573358558296345,0.7378301680855708,-2.016326530612245,683.9415,152.7823
N02-b,bajado,ts12_nq,0.35,0.1,831.3166666666667,2.078291666666667,0.8954068846608794,1.2094976850465144,12092.231713192617,5297.214949267158,2.282752697219794,0.6640350877192983,0.061168026624431125,0.04472824234647848,0.8941037310290904,-1.8285714285714287,300.9003,69.2103
N02-o,optimizado,ts12_nq,0.35,0.35,618.75,1.546875,0.690020202020202,1.1722382870524766,20519.272894628404,8221.813491457788,2.4957113069941688,0.6557894736842106,0.23752188552188552,0.12371717171717171,0.6387609427609428,-2.016326530612245,579.9567,204.3183
Z05,original,hora_xau,0.5,0.25,1186.1166666666668,2.965291666666667,0.7480573861480743,1.1811761323091252,32482.620413232846,8322.265602639123,3.90309826244095,0.7131578947368421,0.1871794511501117,0.09420096392991134,0.7186195849199769,-2.5325,980.6688,246.8921
Z05-b,bajado,hora_xau,0.5,0.1,1808.8333333333335,4.522083333333334,0.8773334561872294,1.0931466154050662,12817.518386340806,9154.783821983727,1.4000896837740304,0.6231578947368422,0.07835621487146412,0.04719432415000461,0.8744494609785313,-2.015,291.9886,89.4772
Z05-o,optimizado,hora_xau,0.5,0.5,811.8833333333333,2.0297083333333332,0.6306119516350871,1.2520674361603765,44663.85184921621,8471.35842963617,5.272336452317299,0.732280701754386,0.35212366308788207,0.13983946790384497,0.5080368690082729,-2.5275000000000003,1570.9446,321.1886
Z08,original,hora_xau,0.35,0.25,1579.6833333333334,3.9492083333333334,0.7832371466855171,1.1179836696801673,31379.13236383559,12242.683834051566,2.563092602012499,0.6621052631578948,0.09269790358827192,0.13672571506947595,0.7705763813422521,-3.071428571428571,657.0195,137.5376
Z08-o,optimizado,hora_xau,0.35,0.5,1120.9166666666667,2.8022916666666666,0.6546130399226824,1.1595549795393665,46814.97712331119,12451.687684222306,3.759729468851925,0.6970175438596491,0.19387406140807376,0.21144896290238643,0.5946769756895398,-3.168416162166479,1144.5977,274.3565
