rr,ops,acierto,pf,pnl,dd,rf,p_t,p_sl,p_tp,meses_pos,peor_dia,racha_sl,racha_perd,racha_tp,racha_gan
1.0,214,0.5981308411214953,1.5155484714948395,4105.635555555546,607.5200000000058,6.758025341643907,0.11214953271028037,0.35046728971962615,0.5373831775700935,0.9166666666666666,-1.0,5,6,9,9
0.95,214,0.6074766355140186,1.5051556660804557,3921.83999999999,619.2355555555582,6.333357257694031,0.10747663551401869,0.3411214953271028,0.5514018691588785,0.75,-1.0,5,6,9,9
0.9,214,0.616822429906542,1.4983135662139726,3769.0577777777708,649.2355555555582,5.805377948767062,0.09345794392523364,0.3317757009345794,0.5747663551401869,0.9166666666666666,-1.0,5,6,9,9
0.85,214,0.6214953271028038,1.4587058064116571,3423.608888888884,679.2355555555582,5.040385269714947,0.08411214953271028,0.32710280373831774,0.5887850467289719,0.9166666666666666,-1.0,5,6,9,9
0.8,214,0.6355140186915887,1.4653521245601226,3333.6088888888835,529.2355555555582,6.298913317321378,0.08411214953271028,0.3130841121495327,0.602803738317757,0.9166666666666666,-1.0,5,5,9,9
0.75,214,0.6401869158878505,1.4143134530829606,2926.555555555549,564.2355555555582,5.186762030042578,0.0794392523364486,0.308411214953271,0.6121495327102804,0.9166666666666666,-1.0,5,5,9,9
0.7,214,0.6682242990654206,1.4834906008951005,3198.657777777773,500.0,6.397315555555545,0.06542056074766354,0.2897196261682243,0.6448598130841121,0.8333333333333334,-1.0,5,5,13,13
0.65,214,0.677570093457944,1.4370908187421056,2814.728888888885,505.0,5.573720572057199,0.06074766355140187,0.2850467289719626,0.6542056074766355,0.8333333333333334,-1.0,5,5,13,13
0.6,214,0.6962616822429907,1.4329620264896437,2657.555555555553,520.0,5.110683760683756,0.0514018691588785,0.27102803738317754,0.677570093457944,0.9166666666666666,-1.0,4,5,13,13
0.55,214,0.7149532710280374,1.421627732865472,2477.915555555555,535.0,4.631617860851504,0.03271028037383177,0.2616822429906542,0.705607476635514,0.9166666666666666,-1.0,4,5,13,13
0.5,214,0.7383177570093458,1.4549351627151426,2454.55111111111,550.0,4.4628202020202,0.028037383177570093,0.24299065420560748,0.7289719626168224,0.9166666666666666,-1.0,4,4,13,13
0.45,214,0.7616822429906542,1.4757759831397537,2351.817777777779,565.0,4.162509341199609,0.02336448598130841,0.22429906542056074,0.7523364485981309,0.9166666666666666,-1.0,4,4,13,13
0.4,214,0.780373831775701,1.4667296679129962,2120.4088888888914,580.0,3.6558773946360197,0.018691588785046728,0.205607476635514,0.7757009345794392,0.8333333333333334,-1.0,4,4,15,15
0.35,214,0.8037383177570093,1.4837949219049535,1962.8355555555545,430.0,4.564733850129197,0.009345794392523364,0.18691588785046728,0.8037383177570093,0.8333333333333334,-1.0,4,4,15,15
0.3,214,0.8130841121495327,1.3533257591644752,1362.8355555555545,350.0,3.89381587301587,0.009345794392523364,0.17757009345794392,0.8130841121495327,0.75,-1.0,2,2,15,15
0.25,214,0.822429906542056,1.2031178982624058,742.8355555555544,401.297777777777,1.8510831524387548,0.009345794392523364,0.16822429906542055,0.822429906542056,0.6666666666666666,-1.0,2,2,15,15
0.2,214,0.8738317757009346,1.4377438953547979,1138.702222222223,421.2977777777769,2.702844121866832,0.004672897196261682,0.12149532710280374,0.8738317757009346,0.75,-1.0,2,2,29,29
0.15,214,0.9018691588785047,1.4465613424178094,893.702222222223,406.297777777777,2.1996237023748377,0.004672897196261682,0.09345794392523364,0.9018691588785047,0.75,-1.0,2,2,30,30
0.1,214,0.9205607476635514,1.2302521288288395,368.702222222223,411.297777777777,0.8964362127466483,0.004672897196261682,0.07476635514018691,0.9205607476635514,0.5833333333333334,-1.0,1,1,36,36
